-- phpMyAdmin SQL Dump
-- version 3.4.8
-- http://www.phpmyadmin.net
--
-- 主机: localhost
-- 生成日期: 2012 年 07 月 07 日 21:41
-- 服务器版本: 5.1.60
-- PHP 版本: 5.2.17p1

SET SQL_MODE="NO_AUTO_VALUE_ON_ZERO";
SET time_zone = "+00:00";


/*!40101 SET @OLD_CHARACTER_SET_CLIENT=@@CHARACTER_SET_CLIENT */;
/*!40101 SET @OLD_CHARACTER_SET_RESULTS=@@CHARACTER_SET_RESULTS */;
/*!40101 SET @OLD_COLLATION_CONNECTION=@@COLLATION_CONNECTION */;
/*!40101 SET NAMES utf8 */;

--
-- 数据库: `appstore`
--

-- --------------------------------------------------------

--
-- 表的结构 `apps`
--

CREATE TABLE IF NOT EXISTS `apps` (
  `id` bigint(20) NOT NULL AUTO_INCREMENT,
  `type_name` varchar(20) NOT NULL,
  `name` varchar(255) NOT NULL,
  `logo` varchar(255) NOT NULL,
  `price` varchar(20) DEFAULT '免费',
  `version` varchar(20) NOT NULL,
  `category_id` int(11) NOT NULL,
  `star` int(11) DEFAULT NULL,
  `developer` varchar(255) DEFAULT NULL,
  `language` varchar(50) DEFAULT NULL,
  `size` varchar(20) DEFAULT NULL,
  `download_times` int(11) DEFAULT NULL,
  `created_at` datetime DEFAULT NULL,
  `updated_at` datetime DEFAULT NULL,
  `created_by` int(11) DEFAULT NULL,
  `app_path` varchar(255) DEFAULT NULL,
  `comment` varchar(100) DEFAULT NULL,
  `description` text,
  `status` char(1) DEFAULT 'D',
  `meta_keyword` varchar(255) DEFAULT NULL,
  `meta_desc` varchar(255) DEFAULT NULL,
  PRIMARY KEY (`id`)
) ENGINE=MyISAM  DEFAULT CHARSET=utf8 AUTO_INCREMENT=63 ;

--
-- 转存表中的数据 `apps`
--

INSERT INTO `apps` (`id`, `type_name`, `name`, `logo`, `price`, `version`, `category_id`, `star`, `developer`, `language`, `size`, `download_times`, `created_at`, `updated_at`, `created_by`, `app_path`, `comment`, `description`, `status`, `meta_keyword`, `meta_desc`) VALUES
(10, 'android', '美妆易购', '/upload/android/imgs/20120627120254880.jpg', '免费', '1.9.1', 102, 90, '南京火木网络科技有限公司', '中文', '1.04M', 2012, '2012-06-26 23:37:56', NULL, NULL, '', '最便捷的化妆品购物工具', '【美妆易购介绍】<br/>\r\n美妆易购，原本是IT男送给其女友的一款情人节小礼物，没想到发布之后意外受到很多MM喜欢——用这个小工具来购买彩妆、护肤品实在是太方便了，一键可以比价、购买产品。很多媒体均都有报道推荐^_^<br/>\r\n除了轻松比价多个知名电商外，更惊喜的地方在于不需注册，打开软件——选定商品——填写地址，即可轻松下单。收到货后，支持开箱验货，把钱给快递员即可，不需要在手机上很麻烦的手机支付！！<br/>\r\n<br/>\r\n【新版本---91首发活动介绍】<br/>\r\n★兰寇小黑瓶与化妆水精美礼包---10份<br/>\r\n★赢取规则：需要软件转发@朋友神马的？NO！太麻烦了。我们只需要您通过如91回复、客服QQ、新浪微博给我们留下宝贵建议甚至是批评，就可以啦~我们会选出10位真诚的朋友们。<br/>\r\n★天气太热，上“美妆易购”防晒专区。这里有最新鲜的商品（当前热卖的水宝宝），最优惠的价格，一定能淘到最适合你的防晒产品。<br/>\r\n<br/>\r\n【美妆易购特点】<br/>\r\n1、一键购买---无需注册，打开软件—选定商品—填写地址，即可完成购买。<br/>\r\n2、一键比价---搜索产品或是扫描条码，支持多电商比价，花最少的钱，买最适合自己的东东。<br/>\r\n3、正品保障---100%正品，收录的产品均来自国内知名B2C电商，如卓越、京东、当当等。<br/>\r\n4、货到付款---免去了用手机网银支付的麻烦，验完货，直接把产品给快递师傅即可。<br/>\r\n5、温馨服务---QQ、微博、电话，随时随地欢迎MM们与我们沟通交流哈~<br/>\r\n<br/>\r\n★不管你是喜欢日系的还是执着于欧美大牌，不管你是想要补水、美白、瘦身、控油、除黑眼圈、抗过敏、还是祛斑，在这里都能挑到你钟意的DD喔~<br/>\r\n\r\n【联系方式】<br/>\r\n客服QQ:1329931747  (微博人称知心姐姐，概因除了美容护肤方面的问题，其它方面也会给予耐心的回复)<br/>\r\n客服电话：(软件里有)<br/>\r\n美妆易购负责人-新浪微博（阳春下里）：http://weibo.com/fengyuanjun1314<br/>\r\n美妆易购美容顾问-新浪微博（南京小猫）:http://weibo.com/liuxj1126（网络热文"夏日防晒小攻略"就是她写的）<br/>\r\n<br/>\r\n●美妆易购收录品牌<br/>\r\n欧美品牌：兰蔻、雅诗兰黛、倩碧、香奈儿、欧莱雅、薇姿、LA MER海蓝之谜、sisley、契尔氏、大卫杜夫、H2O水芝澳、巴宝莉、纪梵希、安娜苏、娇兰、理肤泉、碧欧泉、Bobbi Brown芭比布朗、Benefit贝玲妃、娇韵诗、AFU阿芙、Kiehl’s科颜氏、英国AA网、小蜜蜂、香蕉船、MAC、Max Factor蜜丝佛陀、Dove多芬、Adidas阿迪达斯、Gucci古驰、强生美肌、美宝莲、BF芳程式、the body shop美体小铺、ORIGINS悦木之源、丝芙兰、露华浓、安利、汇香坊、欧舒丹、雅芳、欧树、Lush露诗、MAKE UP FOR EVER玫珂菲、贝佳斯、依云、雅漾、露得清、贝德玛、金缕梅、bgirl、丝塔芙、恋爱魔镜、巴黎绯黛、艾黛尔、玫琳凯、O.P.I、凡士林、皇室贵族、蒙芭拉、宝拉珍选、<br/>\r\n<br/>\r\n日韩品牌：FANCL、资生堂、梦妆、水之印、兰芝、曼秀雷敦、the face shop菲诗小铺、植村秀、DHC、ZA、SK-II、opera娥佩兰、迷尚、freeplus芙丽芳丝、juju、heynature、欧珀莱、innisfree悦诗风吟、dodo多多、dr.jart、amore爱茉莉、蒂珂、三宅一生、嘉娜宝、肌美精、高丝、skin79、婵真、just bb、vov薇欧薇、cosmos康是美、sana豆乳、skin food思亲肤、草木年华、杰里斯、韩束、花王、MUJI无印良品、OMI近江蔓莎、近江兄弟、orbis、LG、Urara悠莱、uno吾诺、ipsa、黑龙堂、rmk、<br/>\r\n<br/>\r\n国内品牌：佰草集、MG美即、For Beloved One宠爱之名、李医生、御泥坊、清妃、美加净、可采、凡茜、丹姿、solone、美肤宝、膜法世家、美丽日记、魔法医生、相宜本草、泊美、miss face、芳草集、屈臣氏、查明一猫、巨型一号、高夫、昭贵、千纤草、安安、西藏红花、温碧泉、片仔癀、pba、悦己、春纪、迪豆、白大夫、大宝、百雀羚、郑明明、羽西、ZMC植美村、生活良品、草木良品、肌言堂、舒耐、BK、火烈鸟、粉粉香、同仁堂、毛戈平、满婷、名门闺秀、牛尔娜露可、妮维雅、柏羽<br/>\r\n<br/>\r\n●功效/品类<br/>\r\n补水,保湿,祛痘,祛斑,收缩毛孔,护肤,去黑头,瘦脸,美白,防晒隔离,控油平衡,抗敏镇静,黑眼圈,眼袋,脂肪粒,香水,古龙水,护肤保养,面部,眼部,彩妆,卸妆,化妆工具,头发护理,手足护理,身体护理,男士护理,美甲,沐浴,面霜,隔离霜,洁面,化妆水,润肤乳液,日霜,晚霜,祛痘膏,防晒,晒后修复,按摩霜,颈霜,BB霜,隔离霜,妆前乳,遮瑕膏,粉饼,睫毛膏,眉笔,唇彩,唇膏,口红,化妆,粉扑,修眉,护发素,染发,假发,防脱发,护手霜,润肤乳,脱毛,去角质,止汗露,控油,剃须刀,润唇膏,洗发,沐浴,护发,鼻贴,香皂,浴盐\r\n', 'D', '美妆易购', '美妆易购'),
(9, 'android', '美丽说', '/upload/android/imgs/20120626112329492.png', '免费', '3.4.5', 103, 90, '美丽说（北京）网络科技有限公司', '中文', '2.68M', 2011, '2012-06-26 23:01:21', NULL, NULL, 'http://file.m.163.com/app/free/201206/12/Meilishuo_10010.apk', '专为时尚女生量身定做的逛淘宝利器', '专为时尚女生量身定做的逛淘宝利器: 实时更新的千万级宝贝库,全部来自于资深买家的推荐,MM们不必再费心去淘,美丽触手可得,随时享受逛街快乐;所有宝贝均以美丽说版独创的海报形式展现,华丽流畅的效果让人爱不释手;紧跟潮流的时尚热榜,足不出户就可以感受到当下的流行主题,MM们可以选择自己感兴趣的时尚主题、分享搭配照片,随时随地参加时尚Party。', 'D', '美丽说', '美丽说'),
(11, 'android', '米格宝宝日记', '/upload/android/imgs/20120627114638465.jpg', '免费', '2.1.1', 104, 85, '上海多米信息技术有限公司', '中文', '6.11M', 2010, '2012-06-27 00:43:20', NULL, NULL, '/upload/android/apps/migebaobaoriji_Baby_Diary_V2.1.1.apk', '最好的宝宝成长记录工具', '米格宝宝日记—简单记录、快乐分享 米格宝宝日记是米格365网站的移动客户端，她是一个由爸爸妈妈组成的团队倾心打造的一个简单的宝宝成长记录工具，支持通过手机为宝宝记录文字、照片、声音、视频、去过的位置，并可随时随地分享给您的家人和朋友。 主要功能： 1、	记录：支持文字、照片、录音、视频、地理位置位置等多种维度的记录方式，让您决不错过任何宝宝精彩瞬间。 2、	离线记录：支持离线记录，即使在没有网络的条件下仍可进行记录，待连接到网络时自动上传到网络。 3、	多宝宝记录：支持多个宝宝同时记录。 4、	照片美化滤镜：内置精美照片滤镜，为宝宝的照片增添个性。 5、	内容管理：记录的内容可以按照片拍摄的时间、照片上传的时间或是按主题显示。 6、	微博分享：支持同步分享到新浪微博和腾讯微博等平台。 7、	大事记：记录宝宝已经或即将发生的大事记（生日、节日、打疫苗等）并进行提醒。 8、	精彩随笔：阅读妈妈们的精彩文章分享。 9、	话题：与妈妈们交流育儿感悟，分享宝宝成长精彩瞬间。 10、	隐私保护：想给谁看就给谁看，无限量、安全的存储服务。 ', 'D', '米格宝宝日记', '米格宝宝日记'),
(12, 'android', '安卓壁纸', '/upload/android/imgs/20120627124812581.png', '免费', '2.2.1', 1, 95, '北京天畅互动网络科技有限公司', '中文', '963K', 2008, '2012-06-27 00:45:00', NULL, NULL, '', '排名第一的手机美化软件，已拥有1000万用户', '安卓壁纸，是排名第一的手机壁纸美化软件，已拥有1000万用户！ 专注于为安卓手机提供免费高清手机壁纸、动态壁纸等美化服务！ 安卓壁纸之最： 超1000万用户，同类软件排名第一！ 拥有15万+高清壁纸，位居全国榜首！ 每日500+更新，精挑细选最用心！ 145种不同分类、专辑，一眼发现大爱！ 网罗全球最优秀动态壁纸，手机随心而变！ 主要功能： 一键，壁纸自动匹配屏幕； 下载壁纸，高清免费； 搜索功能，有求壁应； 标签互动，趣味升级； 在线收藏，更省流量； 本地相册管理，照片设壁纸； 在线一键换壁纸，邂逅大爱； 本地壁纸自动换，心情随时换 2.2.1版本更新内容： ·首页重新设计，更贴心 ·新增 壁纸高清下载功能 ·新增 一键联网随机换壁纸功能 ·新增 保存使用过的壁纸功能 ·新增 图片浏览质量选项 ·优化 大图页设计 ·优化 登录、注册相关问题 ·优化 搜索体验 ·其他已知问题优化', 'D', '安卓壁纸', '安卓壁纸'),
(13, 'android', '虾米音乐', '/upload/android/imgs/20120627125858667.png', '免费', '1.4.4', 106, 85, '杭州缪斯客网络科技有限公司', '中文', '1.45M', 2007, '2012-06-27 00:56:30', NULL, NULL, '', '虾米网为Android操作系统量身打造的免费音乐应用', '虾米音乐是虾米网为Android操作系统量身打造的免费音乐应用，提供流畅且完美的无线音乐解决方案。将百万高品质音乐装进口袋，随时随地，欣赏音乐。', 'D', '虾米音乐', '虾米音乐'),
(14, 'android', '奇艺高清影视', '/upload/android/imgs/20120627011622106.png', '免费', '3.2.1', 106, 90, '奇艺', '中文', '2.01M', 2008, '2012-06-27 01:14:35', NULL, NULL, '', '奇艺高清影视是百度旗下高清视频客户端', '奇艺高清影视是百度旗下高清视频客户端，海量正版高清影视资源，可供用户飞速离线下载观看。多终端播放记录同步功能，畅想随时随地观影。热播大剧、最新剧集，八卦娱乐，奇艺在手，应有尽有！快来下载试用吧！<br/>  V3.2新版新特性： <br/> 1、新增推送功能，为用户提供最新影片信息； <br/> 2、修改了离线下载逻辑，用户使用离线下载更方便快捷，节省用户操作流程； <br/> 3、优化同步剧逻辑，用户观影体验全面提升用户体验; <br/> 4、优化了交互设计，修改了提示语，客户端整体更加人性化;<br/> ', 'D', '奇艺高清影视', '奇艺高清影视'),
(15, 'android', 'QQ游戏大厅', '/upload/android/imgs/20120627083121776.jpg', '免费', '1.20.20', 108, 88, '腾讯', '中文', '3.84M', 2009, '2012-06-27 20:28:05', NULL, NULL, '/upload/android/apps/com.tencent.qqgame37135.apk', '手机QQ游戏大厅Android客户端', '手机QQ游戏大厅Android客户端在主界面中，其采用的是经典的书架式结构，而在书架中成列的有用户资料、游戏列表和问题反馈等等。<br/> 此外，其中的游戏则包括有连连看、中国象棋、血战麻将、升级、斗地主和五子棋，相信这些都是大家耳熟能详的。', 'D', 'QQ游戏大厅', 'QQ游戏大厅'),
(16, 'android', '墨迹天气', '/upload/android/imgs/201206270845164.jpg', '免费', '2.13.04', 101, 90, 'Moji', '中文', '5.60M', 2008, '2012-06-27 20:40:29', NULL, NULL, '/upload/android/apps/com.moji.mjweather-21304.apk', '一款功能丰富，界面绚丽的天气预报生活软件产品', '墨迹天气是一款功能丰富，界面绚丽的天气预报生活软件产品。针对Android平台相继发布了数个版本，最新版功能更加丰富，实现了“墨迹不仅仅是天气”的功能延伸。为生活出行的各个方面提供了便利的参考信息，更多功能敬请在最新版本中体验！<br/> 主要功能特色：<br/> ★权威预报源★<br/> 专业气象台权威预报源，国内支持城市最多的手机天气预报软件，包含超过2600个城市及地区，覆盖全国大部分县级市。<br/> ★GPS定位★<br/> 支持GPS定位，用户开启手机GPS定位功能，获取精确位置的天气预报<br/> ★语音播报★<br/> 最新的背景语音播报功能，更可动态播报生活资讯信息让生活更加便利<br/> ★桌面插件特效★<br/> 桌面插件默认皮肤动画效果，十种可选<br/> ★灾害预警提示★<br/> 灾害天气预警提示功能，第一时间了解灾害天气信息<br/> ★生活资讯★<br/> 化妆、洗车、穿衣、紫外线、运动等生活指数，合理安排生活出行<br/> ★趋势曲线★<br/> 多达5日的气象趋势曲线分析功能，预知未来天气<br/> ★皮肤随心换★<br/> 数百种桌面可选皮肤，随时在线下载最新皮肤，保持时刻新鲜感<br/> ★黄历查询★<br/> 支持黄历以及农历查询<br/> ★分享的快乐★<br/> 支持微博自动转发截图，在设置的“天气分享”中可添加多个微博账号分享天气；<br/> 【更新说明】<br/> 新功能<br/> 1、新增了120个城市的污染指数信息，及北京的PM2.5值<br/> 2、如果下载了“墨迹空气指数”的应用，可以直接跳转到该应用，查看你的城市对应的空气指数详情<br/> 3、倒数日在首页不显示点点了，而是有倒数日到期的时候，工具的入口处会提示<br/> 4、新上线了“感冒指数”，可以在生活页面添加该订阅<br/>', 'D', '墨迹天气', '墨迹天气'),
(17, 'android', '未接来电记录', '/upload/android/imgs/20120627085740211.png', '免费', '1.0', 101, 80, '上海优扬新媒信息技术有限公司', '中文', '356K', 2008, '2012-06-27 20:54:56', NULL, NULL, '/upload/android/apps/132577736797420.apk', '电话记录拦截轻松搞定', '记录未接来电响铃的时间归属地。 <br/> 防止骚扰电话响一声回拨扣费。 <br/> 支持当天、本周、本月、全部的未接来电查询。<br/> 安装后启动一次,程序会自动开启未接来电统计,不支持安装前的未接来电。<br/> 删除未接来电记录不会同步到手机系统。<br/>', 'D', '未接来电记录', '未接来电记录'),
(18, 'android', '美图贴贴', '/upload/android/imgs/20120627102612448.jpg', '免费', '1.0.0', 1, 90, '厦门美图网科技有限公司', '中文', '11.73M', 2008, '2012-06-27 21:07:38', NULL, NULL, '/upload/android/apps/mttt_100_other.apk', '一款专为女生设计的大头贴软件', '美图贴贴是一款专为女生设计的大头贴软件！内置上百种精心设计的饰品、边框，既能 DIY出美丽的“大头贴”，也能贴出日系风的“可爱拼图”！卖萌利器哦，让你的照片更加可爱、有趣！<br/>   <br/> 【亮点功能】： <br/> ★海量可爱饰品创意DIY，喜欢哪个贴哪个！ <br/> ★全新拼图风格，创造专属于你的可爱拼图！ <br/> ★海量高品质素材定期更新，惊喜不断！ <br/> ★流畅简单的操作界面，无需学习！ <br/> ★一键分享到各个热门社区，和好友分享美丽心情！<br/>   <br/> 可爱的你不要错过了哟，赶快加入我们一起DIY吧！<br/>   <br/> 欢迎关注我们的官方网站：tietie.meitu.com<br/>  您还可以在新浪微博搜索“美图贴贴”找到我们！ <br/> 如果有任何建议，请通过如下方式联系我们：app@meitu.com', 'D', '美图贴贴', '美图贴贴'),
(19, 'android', '卡卡记账', '/upload/android/imgs/20120627094933487.png', '免费', '2.17', 102, 90, '北京安格瑞宁信息技术有限公司', '中文', '4.33M', 2008, '2012-06-27 21:46:01', NULL, NULL, '/upload/android/apps/kakalicai_163_2.17.apk', '方便实用的记账，管理银行卡的综合理财软件', '卡卡记账是一款方便实用的记账，管理银行卡信用卡的综合理财软件，拥有强大的功能模块，完全能够满足您的个性化需求。集高效、稳定、灵活、贴心于一身。简洁大方的操作界面，全新的UI设计，让您在上班和下班途中随手记帐，帮您合理理财、省钱、挖财，体验愉快、简单的超级理财过程，是时尚帅哥美女轻松理财的必备之选。更多内容敬请关注卡卡理财新浪微博。<br/> 【软件特色】：短信自动记账-独有智能分析各个银行的各式消费，入账，账单短信；根据分析结果自动建立账户并进行管理与统计信用卡还款提醒-贴心不用担心信用卡逾期未还带来的高额利息，我们为您准确记录您信用卡还款日期与金额，并提示您还款完善的账户管理-强大轻松管理各个银行的各个账户，随时知晓各个账户情况精美的统计报表-实用精美简洁的统计报表，轻轻松松知道钱到底花在了哪里收支足迹-轻松我在哪里消费了，看看地图就知道了；我经常在哪里消费，看看地图就知道了', 'D', '卡卡记账', '卡卡记账'),
(20, 'android', '照妖镜', '/upload/android/imgs/20120627100818939.jpg', '免费', '2.1', 106, 90, '南京爱西柚网络科技公司', '中文', '11.17M', 2008, '2012-06-27 21:46:01', NULL, NULL, '/upload/android/apps/com.iiseeuu.zhaoyaojing-20120507.apk', '史上最好玩的手机恶搞软件', '孙猴子火眼金睛识真身，任你飞天遁地必现形。史上最好玩的手机恶搞软件，想象不到的各路妖魔鬼怪齐聚一堂，票选超级魔头，追击潜行  妖物，更可分享到微博平台，广发武林通缉令：妖怪！哪里跑！<br/> 1.【妖怪】随机现形，如果无法识别你的脸，不是因为您长得奇葩或者不是妖，而是因为你的相机没有对准！<br/> 2.【GIF鬼怪来袭】有些妖是静态的，有些妖是会动的，这就是传说中的BOSS怪！看看你是什么妖<br/> 3.抓住妖怪后，分享发布【微博通缉令】，独乐乐不如众乐乐。妖怪现形后，左右滑动屏幕试试吧！<br/> 4.潮爆了的【摇一摇】，只要绑定新浪微博，然后摇一摇手机，你会发现，这个世界好多妖怪，你一点儿也不孤单，无论TA是妖怪魔鬼还是天  屎，你都能去TA的微博说上两句，交个朋友！<br/> 5.有什么更多提议，记得在【设置】里告诉我们哦！噢粑粑团队，时刻守在你身边。', 'D', '照妖镜', '照妖镜'),
(21, 'android', '爆裂星球', '/upload/android/imgs/2012062710201774.png', '免费', '1.0', 109, 89, 'AdMaiora', '英文', '13.38MB', 2009, '2012-06-27 22:13:21', NULL, NULL, '/upload/android/apps/com.boom_start.apk', '保卫地球，对抗邪恶外星侵略者', '保卫地球，对抗邪恶外星侵略者，一切尽在《爆裂星球（Smashing Planets）》游戏中！<br/> 这个星球上的幸存者正处于水深火热的危急关头之中！快加入游戏，一起击落正在用不同飞船、武器和手段袭击地球的外星人，阻止它们的侵略！你需要做的很简单——瞄准外星侵略者，从地球穿过太空画出导弹飞行路线（通过触控屏幕），然后发射导弹，击落它们。记住动作一定要快，不然这群外星人就会打败你，毁灭地球！<br/> 游戏特色： <br/> 1.超过16个刺激惊险的关卡；<br/>  2.疯狂的角色和情节设计； <br/> 3.直接迅速的触屏控制； <br/> 4.各式各样的超级武器； <br/> 5.神秘的敌人首脑； <br/> 6.如漫画书般展现情节故事。 ', 'D', '爆裂星球', '爆裂星球'),
(22, 'android', '忍者变色龙', '/upload/android/imgs/20120627104023954.png', '免费', '1.2', 111, 85, 'BlooBuzz', '英文', '26.51M', 2009, '2012-06-27 22:29:14', NULL, NULL, '/upload/android/apps/com.bloobuzz.gobber_171111.apk', 'Gobber是一个可以执行最不可思议的飞行特技的变色龙', '一起来成为下一个忍者大师Gobber！Gobber是一个可以执行最不可思议的飞行特技的变色龙。Gobber成为大师和需要你的帮助来完成他的训练  。通过几个关卡而速度、动作和技巧是胜利的关键。Gobber必须抓住所有的星星，超越所有的挑战，并达到了最高的山峰！<br>游戏特色：  <br>经过80+关卡成为下一个忍者的主人！<br>提高你的技能和增加你的速度反应完成挑战！<br>打败苍蝇和抓住所有的星星为一个完整的胜  利！<br>改变颜色成功活动！你是否会强大到足以接受挑战吗？', 'D', '忍者变色龙', '忍者变色龙'),
(23, 'android', '连续益智闯关', '/upload/android/imgs/20120627110503539.png', '免费', '1.1', 111, 85, '', '英文', '15.12M', 2009, '2012-06-27 22:29:14', NULL, NULL, '/upload/android/apps/com.noodlecake.continuity.1338542463720.apk', '一款连续性益智游戏的续集', '一款连续性益智游戏的续集，第一版本曾经被拥有14年历史的“独立游戏节IGF”授予“最佳学生游戏奖”。<br/> 游戏玩家需要通过手指重组散乱拼图，令游戏中的小黑人顺利通行，收集钥匙，打开门锁即告过关成功。游戏可以说与儿时用木块制作的“华容道”玩法并无区别。小黑人动作只有两个，行走靠屏幕左右点击，扫扫屏幕即可跳跃。<br/> 游戏无论从图案设计、创意布局都有质的提升；每关有三个拼图需要重组。设计方面，以线体描画迷宫、用阶梯形状营造类似“终极幻想”的环环相扣，更有硬币，电线，门，杠杆和尖峰等新器具出现，令难度提升。<br/>', 'D', '连续益智闯关', '连续益智闯关'),
(24, 'android', '忘仙', '/upload/android/imgs/20120627111240113.png', '免费', '1.6.76', 112, 80, '91游戏中心', '中文', '6.90M', 208, '2012-06-27 23:07:59', NULL, NULL, '/upload/android/apps/org.mieshi91_105739.apk', '大型3D手游，仙魔决战2012，重建仙境国度！', '大型3D手游，仙魔决战2012，重建仙境国度！因安卓机型较多无法一一适配，下载客户端后还需更新较大客户端资源，建议在WIFI环境下载安装《忘仙》。<br><br>跨时代、跨平台巨制，大型网游——《忘仙》重装上线!开启绝美仙境之门，游戏中玩家化身仙境的神族仙女，或妖族鬼魅。踏上失落文明的大地寻找绝密的法器，修炼亦正亦邪的法术，在这片神秘之地，你可以与朋友结伴同行，也许在这里你还可以邂逅一段美轮美奂的爱情。<br><br>游戏特色：<br><br>华丽壮阔的游戏场景，配以唯美、细腻的画风，让游戏充满了浓浓的中国风仙侠风格;<br><br>精致绝美的人物设计，配以炫酷装备让你成为仙境最帅的勇士;<br><br>萌翻酷爆的宠物成为你最忠诚的朋友;<br><br>人性化操作，完美引导，轻松释放双手;<br><br>游戏系统丰富、玩法多样，永远有新鲜玩法等着你;<br><br>跨ios、android平台，手机硬件要求低;<br><br>著名原创乐队非鱼乐队为《忘仙》量身打造主题曲“劫世情缘”、场景音乐“沧浪水”、“云海冰岚”、“喜结良缘”、“谁与争锋”、“问仙谷”。<br>', 'D', '忘仙', '忘仙'),
(25, 'android', '抽积木', '/upload/android/imgs/20120627112600750.png', '免费', '1.500', 111, 90, 'Naturalmotion', '英文', '29.52M', 2008, '2012-06-27 23:07:59', NULL, NULL, '/upload/android/apps/com.naturalmotion.j3n64_121823.apk', '一款从iOS平台上移植过来的相当有趣的搭积木的小游戏', '一款从iOS平台上移植过来的相当有趣的搭积木的小游戏，游戏的画面真的是无话可说，非常的逼真精细。<br> 游戏的玩法也比较简单，点击一块积木，就能够选中它(四个角上会出现选择框)，然后你再按住它，就能够任意的移动它了，注意，积木是受到周围积木的影响的，当你尝试拖动积木的时候，它周围的可能会掉下来。点击屏幕其他位置可以移动你的视角。<br> 游戏特色：<br> 逼真的物理特性：实时3D物理模拟，逼真的还原了一个真实的木制搭积木的过程，每一块积木都会受到其他的影响;<br> 简单的触摸控制方式：游戏的控制方法非常简单，通过触摸屏拖动各个积木能够轻松的搭建积木;<br> 社交网络功能：你能和你的朋友进行比赛，看看谁搭的积木更高，你还可以和全世界的玩家进行比赛;<br> 惊人的视觉效果：游戏的画面非常逼真，特别是木质的纹路，让你感觉这就是真实的积木。<br> 注意：由于游戏破解问题，建议运行游戏时断开网络，就可以正常开始游戏。', 'D', '抽积木', '抽积木'),
(26, 'android', '雪球大反击', '/upload/android/imgs/20120627114150458.png', '免费', '1.0.2', 111, 90, 'linshao', '中文', '18.28M', 2008, '2012-06-27 23:30:56', NULL, NULL, '/upload/android/apps/com.gamejie.sr_03235700_0.apk', '一款雪人报复人类的益智休闲重力感应安卓手机游戏', '疯狂雪球大反击是一款雪人报复人类的益智休闲重力感应安卓手机游戏,雪人们居住的雪山被人类建成滑雪场.大批雪人集结起来,为了自己的家园,用雪球向人类发起了大反击.躲避障碍,把滑雪者,原住民,武士统统滚倒吧!配合强力的强化道具,令破坏更爽快,一旦雪球滚到最大,还可以发动破坏一切的超炫必杀攻击!来自世界各地的雪人们也集结大乱斗,有雪人国民偶像 - 雪人妹妹,隐居树叶村修行的忍者雪人Nakito,还有正在寻找One Piece的海盗雪人也回国开战,一起把雪球滚到全世界吧!无穷乐趣尽在其中哦!', 'D', '雪球大反击', '雪球大反击'),
(27, 'android', '捕鱼达人', '/upload/android/imgs/20120627115446515.jpg', '免费', '1.7', 111, 95, '北京触控科技有限公司', '中文', '23.18M', 2008, '2012-06-27 23:30:56', NULL, NULL, '/upload/android/apps/FishingJoy_000097_netease_1.7_50_noTI_cn.apk.crdownload', '一款超过5千万人在玩的游戏', '这是一款超过5千万人在玩的游戏！捕鱼达人(英文FishingJoy)是一款深海捕鱼游戏。玩家在游戏中用网可捕捉到多达11种鱼类,从观赏鱼到大型鱼,甚至包括鲨鱼!当你成功捕获时,这些鱼同时也会化为数不尽的金币滚滚而来,堆满你的船舱,这将是一次新奇有趣的探宝之旅!简单操作、金币滚滚游戏中有不同的鱼群,回报的金币数也不尽相同。只要对准屏幕上的鱼群点击,就会发射出网来捕捉,玩家将体验到前所未有的爽快感。更有前所未有的独创攻击,可使用激光或者全屏撒网,让捕捉的鱼数加倍,金币加倍。', 'D', '捕鱼达人', '捕鱼达人'),
(28, 'android', '会说话的汤姆猫', '/upload/android/imgs/2012062812021665.jpg', '免费', '1.6', 111, 95, '珠海美科信息技术有限公司', '中文', '6.42M', 2008, '2012-06-27 23:30:56', NULL, NULL, '/upload/android/apps/com.talkingtom2.0.1.apk', '汤姆是一只宠物猫,心情不好时跟他聊聊天或抚摸它会让您心情舒畅', '请注意：游戏第一次运行的时候需要根据手机型号下载最符合您的手机的约 3~25 MB 的图像数据包。<br/> 汤姆是一只宠物猫，他可以在您触摸时作出反应，并且用滑稽的声音完整地复述您说的话。 您可以抚摸他，用手指戳他，用拳轻打他，或捉他的尾巴。 录制汤姆复述您说话的视频，上传至 YouTube 或 Facebook，并通过电子邮件发送给亲友。<br/> ★★★ 玩法 ★★★ <br/> ? 对汤姆说话，他将用滑稽的声音完整地复述您说的话。<br/> ?抚摸他，他会发出咕噜声。<br/> ? 用手指戳他的头、肚子或脚。<br/> ? 抓他的尾巴。<br/> ? 倒一杯牛奶给他喝。<br/> ? 录制视频并上传至 Facebook 或 YouTube。 与汤姆一起玩耍，享受欢乐和笑声。', 'D', '会说话的汤姆猫', '会说话的汤姆猫'),
(29, 'android', '水果忍者', '/upload/android/imgs/20120628120845816.jpg', '免费', '1.618.34M', 111, 95, 'Halfbrick Studios', '英文', '18.34M', 2010, '2012-06-27 23:30:56', NULL, NULL, '/upload/android/apps/fruit_1.6.2.10.apk', '刺激好玩、容易上手却教人难以离手的休闲动作游戏', '刺激好玩、容易上手却教人难以离手的休闲动作游戏，游戏目的只有一个，就是砍水果！<br/> 游戏屏幕上会不断跳出各种水果：西瓜、凤梨、猕猴桃、草莓、蓝莓、香蕉、苹果等等，在它们掉落之前要快速的全部砍掉！但是千万不要砍到炸弹！<br/>', 'D', '水果忍者', '水果忍者'),
(30, 'android', '咕咕鸡', '/upload/android/imgs/20120628121604286.png', '免费', '1.15', 109, 90, 'leopard', '中文', '11.83M', 2008, '2012-06-27 23:30:56', NULL, NULL, '/upload/android/apps/com.morln.game.shootme_201148.apk', NULL, '（Guggidown）拥有3种游戏模式：生存模式,普通模式以及供两名玩家同时PK的对战模式.玩家拉开弓箭射下小鸟即能获分. <br> 注意事项： <br> 1,弓箭：当达到一定分值,商店中的新型弓箭可被玩家解锁.加油获得更高的分数吧! <br> 2,小鸟：普通鸟,炸弹鸟,雷电鸟等等.射下灰色的高富帅鸟可以得到更多分数,生存模式中要注意那些炸弹鸟哦! <br> 3,阵列：不要以为小鸟会乖乖地在天上飞,分数越高难度越大哦!注意那些不死鸟哦<br> （GuggiDown）不产生任何费用.<br>', 'D', '咕咕鸡', '咕咕鸡'),
(31, 'android', '愤怒的小鸟', '/upload/android/imgs/20120628122351889.png', '免费', '2.5.3', 109, 90, 'Rovio Mobile Ltd.', '英文', '14M', 2008, '2012-06-27 23:30:56', NULL, NULL, '/upload/android/apps/com.angrybirds.apk', '世界著名休闲游戏之一，开创了怒鸟类型游戏', '幸存的小鸟愤怒地站在树叉上，决定对猪进行报复！这些贪婪的猪偷吃了他们的蛋，每只小鸟用他们独特的力量去摧毁猪的堡垒，这是个基于物理的挑战游戏，需要逻辑性和技巧，用武力去打败敌人！', 'D', '愤怒的小鸟', '愤怒的小鸟'),
(32, 'android', '麦当劳优惠券完美版', '/upload/android/imgs/20120628112945423.png', '免费', '2011.12.25', 102, 92, '霹雳贝贝', '中文', '433K', 2008, '2012-06-28 23:25:39', NULL, NULL, '/upload/android/apps/com.macdonald.2011.12.25.apk', NULL, '能省钱的必备软件，占用资源少，起码可装个备用。*可直接使用，不需要打印，非常方便*选好你需要的套餐，向柜台服务员展示即可全国麦当劳通用。上海、广州、张家口、绵阳、青岛、深圳、天津、北京、武、汕头、宝鸡、南京、呼和浩特、四川泸州、山西太原，以上城市已有热心网友验证可用电子券杭州、厦门麦当劳亲测可用功能简介：1、完美的离线功能2、优惠券过期后能自动提示更新3、可选择性下载需要的优惠券4、提供过滤功能，通过需要购买的食品来选择优惠券5、选好后，点显示图片给服务员看就好了：）支持手势操作哟', 'D', '麦当劳优惠券完美版', '麦当劳优惠券完美版'),
(33, 'android', '商场打折优惠_葡萄网', '/upload/android/imgs/20120628113402879.png', '免费', '3.1.0', 102, 89, '葡萄网', '中文', '1.68M', 2008, '2012-06-28 23:31:54', NULL, NULL, '/upload/android/apps/com.pootao.3.1.0.apk', NULL, '全城打折优惠尽掌握<br/> 葡萄网是一个全新的时尚生活服务平台，为爱逛街、爱时尚的您收集了全城最新、最全的商场及品牌打折优惠、特卖促销信息。您只需打开葡萄网客户端，不仅可以了解到当前位置周边的商家优惠信息，还可以随时随地查询和掌握全城打折特卖活动。葡萄网使您成为最精明的购物达人，全城打折优惠尽您的掌握中。', 'D', '商场打折优惠_葡萄网', '商场打折优惠_葡萄网'),
(34, 'android', '信用卡优惠助手', '/upload/android/imgs/20120628113641871.jpg', '免费', '2.3', 102, 92, '上海即略网络信息科技有限公司', '中文', '2.11M', 2008, '2012-06-28 23:31:54', NULL, NULL, '/upload/android/apps/com.kaoyou.2.3.apk', NULL, '信用卡优惠助手简介：信用卡优惠助手为中国2.3亿信用卡持有者服务，是首个免费提供全城市全银行信用卡优惠信息服务的手机应用程序。信用卡助手基于你的地理位置，提供最便捷的查询、定制、推送的优惠信息服务。精彩体验，优惠生活，从卡优开始。<br/> 信用卡优惠助手功能介绍:<br/> --提供14家银行，193个城市的信用卡刷卡优惠信息服务。<br/> --基于自身的位置查询附近的优惠信息。<br/> --搜索你所在城市，所使用信用卡任意行业的刷卡优惠信息。<br/> --自动推送给你所在城市最热门的优惠。<br/> --可以收藏并查看你感兴趣的商家信息。<br/> --根据你的需求可以定制你想要的优惠信息。<br/> --可以对任何商家进行评分。<br/> --可以将你感兴趣的刷卡优惠信息通过短信，邮件和新浪微博进行分享。<br/> 信用卡优惠助手2.X全面改版：<br/> 1、由10种信用卡、6大城市升级为14种银行信用卡、193个城市；<br/> 2、基于地理位置搜索查询信息的功能；<br/> 3、量身定制属于自己的信用卡优惠信息；<br/> 4、对商家进行评分。 信用卡优惠助手<br/>', 'D', '信用卡优惠助手', '信用卡优惠助手'),
(35, 'android', '团购大全', '/upload/android/imgs/20120628113954953.png', '免费', '4.1.6', 102, 90, '团博百众（北京）科技有限公司', '中文', '2.16M', 2008, '2012-06-28 23:31:54', NULL, NULL, '/upload/android/apps/com.tuan800.4.1.6.apk', NULL, '【应用简介】 团购大全客户端是团800（www.tuan800.com）为手机用户推出的免费团购导航应用，每日为您精选上千家团购网站的最新团购信息，覆盖全国两百多个城市，具有团购信息分类浏览、搜索、查找附近团购等贴心功能，登录后还可以管理自己收藏和已买的团购，为您带来方便快捷的手机团购体验。 <br/> 【应用特色】 <br/> 1. 精选上千家团购网站团购信息，支持全国两百多个城市，一站看遍天下团购 <br/> 2. 附近团购自动定位，帮您汇集身边团购信息，更有地图模式，商铺地址一目了然<br/>  3. 搜索功能升级，支持搜索任意地点周边的团购 <br/> 4. 独家在线购买标记，方便找到支持手机立即购买的团购 <br/> 5. 团友点评、网站评分、参团人数等信息供您参考，买团购拒绝忽悠 <br/> 6. 支持使用团800帐号登录，轻松管理自己收藏和已买的团购 <br/> 7. 支持无图模式，只看文字不下图，流量更少，响应加速 <br/> 官方网址：www.tuan800.com 意见反馈：app@tuan800.com 团800新版粉丝群--B群: 185114333 团800新版粉丝群--A群: 185114332', 'D', '团购大全', '团购大全'),
(36, 'android', '我查查', '/upload/android/imgs/20120628114158804.png', '免费', '4.4.5', 102, 97, '我查查信息技术（上海）有限公司', '中文', '2.68M', 2008, '2012-06-28 23:31:54', NULL, NULL, '/upload/android/apps/com.wcc.4.4.5.apk', NULL, '全新体验、全新感受、功能更强、内容更多、扫描更快、流量更省比价购物，真假防伪，药品查询，图书比价，质检信息，快递跟踪，价格指数这些功能现在统统可以用我查查一键实现！<br/> 我查查是目前国内使用人数最多，数据最齐全的比价软件，我们的数据库覆盖了超市百货、图书音像、烟酒药品等国内任何带有标准条形码的商品，条码价格数量已经达到了千万级别，并且每日更新，力求提供消费者最新鲜的价格和商品信息', 'D', '我查查', '我查查'),
(37, 'android', '美丽小贴士', '/upload/android/imgs/20120628114903230.png', '免费', '2.0', 103, 95, '北京天美恒科贸有限公司', '中文', '1.2M', 2008, '2012-06-28 23:31:54', NULL, NULL, '/upload/android/apps/meilixiaotieshi_V2.0.apk', NULL, '指数，穿衣指数，搭配指数，为女性用户提供贴心的美容护肤、穿衣打扮等的资讯信息以及相关的产品推荐。<br/> 一款非常实用的桌面工具软件，根据天气状况为女性朋友推送当天的化妆指数，穿衣指数，搭配指数，为女性用户提供贴心的美容护肤、穿衣打扮等的资讯信息以及相关的产品推荐。<br/> 美丽小贴士可以以插件的形式在你的桌面上显示天气预报，时钟，美容资讯。根据全国31个省市的天气，这对不同的地区和天气推送不同的资讯。<br/> <br/> 软件功能：<br/> -  支持插件的形式显示在桌面<br/> - 可以自由切换城市<br/> - 支持自动定位或输入城市名称确定地理位置<br/> - 实时自动获取24小时全国天气城市的天气状况，自动更新每日天气相关信息。<br/> -支持化妆指数，穿衣指数，搭配指数<br/> -支持每日推送 <br/> -支持的系统有android；ios<br/> -每天都会有新品推荐，包括：护肤品，化妆品，衣袜，鞋帽，箱包，配饰，创意小产品 <br/> -支持电子邮件，微博，人人网等第三方软件分享', 'D', '美丽小贴士', '美丽小贴士'),
(38, 'android', '化妆宝典', '/upload/android/imgs/20120628115532964.png', '免费', '1.6.7', 103, 93, '慢乐网', '中文', '3.78M', 2008, '2012-06-28 23:31:54', NULL, NULL, '/upload/android/apps/com.manle.1.6.7.apk', NULL, '祝贺：化妆宝典，获得APP100中国移动应用热度榜榜单最贴心奖，最为温馨的日常应用。可爱的妆容，让您成为校园舞会里绝对的女主角；清新的妆容，让您职场第一步迈的更加从容自信；精致的妆容，让您成为倾心的他眼中唯一的风景；脱俗的妆容，让您个人魅力成为事业的扶摇清风；慢乐网隆重推出化妆宝典，愿天下女人美丽一生相伴~无论您从事哪种职业，无论您处于哪个年龄段，无论您出席何种场合，无论您出于何种需要，化妆宝典终有适合您的妆容，适合您的信息。姐妹们，翻翻手机动动手指，就可以打造一个更加完美自信的你，赶快行动吧。每个女人都会是一个美妞、美女、美妈、美婆、美妻', 'D', '化妆宝典', '化妆宝典'),
(39, 'android', '美丽俏佳人', '/upload/android/imgs/20120628115813398.png', '免费', '2.0', 103, 85, '陈书霞', '中文', '3.78M', 10, '2012-06-28 23:31:54', NULL, NULL, '/upload/android/apps/meiliqiaojiaren.2.0.apk', NULL, '本软件收集了众多美眉写真，让你大饱眼福，风尚美丽俏佳人。', 'D', '美丽俏佳人', '美丽俏佳人'),
(40, 'android', '护肤大全', '/upload/android/imgs/20120629120045971.png', '免费', '1.8', 103, 88, '宝亿电子', '中文', '3.78M', 13, '2012-06-28 23:31:54', NULL, NULL, '/upload/android/apps/com.baoyi.Skin.1.8.apk', NULL, '护肤大全是一款提供护肤知识的软件，你想拥有明星般闪亮光滑的肌肤么？你想和宝宝一样拥有柔嫩丝质般得皮肤么？炎热的夏季就到了，你敢做肌肤敢裸派么？不再犹豫，从现在开始吧！', 'D', '护肤大全', '护肤大全'),
(41, 'android', '﻿化妆镜', '/upload/android/imgs/20120629120322597.png', '免费', '1.0.3.0', 103, 90, 'wiki', '中文', '3.73M', 2008, '2012-06-28 23:31:54', NULL, NULL, '/upload/android/apps/CosmeticMirror.1.0.1.2.apk', NULL, '你没有看错——化妆镜！<br/> 出门在外，发型乱了现在不用再到处去找露天窗户了;牙齿上卡了韭菜也不用等到朋友笑爆了才知道;试试我们为您打造的这款小工具，让您简单快速方便的看清自己的形象。没错！非常简单，因为它可以放在您手机的桌面上作为小工具哦～为什么不试试？还是不自信看到自己的脸？相信我它能让你更加自信！<br/>', 'D', '﻿化妆镜', '﻿化妆镜'),
(42, 'android', '麦考林', '/upload/android/imgs/20120629120607156.png', '免费', '1.3.1', 104, 98, '上海麦考林', '中文', '587K', 2008, '2012-06-28 23:31:54', NULL, NULL, '/upload/android/apps/com.m18.1.3.1.apk', NULL, '麦考林是一款麦考林为Android用户开发的官方手机购物软件，具有商品搜索、分类浏览、购物车、订单查询等功能。您可以随时随地浏览和购买麦网所有的商品，包括女装、男装、童装、家居、鞋包、美容等，享受方便快捷的手机购物体验。', 'D', '麦考林', '麦考林'),
(43, 'android', '搜狐女人播报', '/upload/android/imgs/20120629120912389.png', '免费', '2.1', 104, 95, '北京搜狐新时代信息技术有限公司', '中文', '1.47M', 2007, '2012-06-28 23:31:54', NULL, NULL, '/upload/android/apps/woman.souhu.2.1.apk', NULL, '搜狐女人播报是全国首个提出个性化订阅服务的女人资讯客户端，基于搜狐女人优质媒体资源和独家合作内容，并由搜狐专业的编辑团队精心制作成适合掌上阅读的女性报纸杂志。穿衣搭配、美容护肤、情感两性、星座运势……为您打造全新的移动女人新媒体。 ', 'D', '搜狐女人播报', '搜狐女人播报'),
(44, 'android', '瑞丽服饰', '/upload/android/imgs/20120629121028234.png', '免费', '2.1.7.3.1', 104, 90, 'Byban Network', '中文', '706K', 2007, '2012-06-28 23:31:54', NULL, NULL, '/upload/android/apps/cn.zhui.client148778_40.apk', NULL, '我们是瑞丽GIRL系，我们都爱新鲜时尚的瑞丽范儿！这里有最前沿最全面的日韩时尚播报，最实用的搭配方案，好玩的时尚游戏，以及最新的潮流趋势、明星造型、品牌新品资料，让你全方位掌握最IN的时尚潮流脉络！', 'D', '瑞丽服饰', '瑞丽服饰'),
(45, 'android', '蘑菇街', '/upload/android/imgs/20120629121304674.jpg', '免费', '3.2.0', 104, 99, '杭州卷瓜网', '中文', '2.57M', 2007, '2012-06-28 23:31:54', NULL, NULL, '/upload/android/apps/com.mogujie-40320.apk', NULL, '蘑菇街，女生变美的终极秘密！<br/> 在这里,你可以随时浏览时尚至IN的扮美单品,主角级别的搭配风格,尖叫爆High的潮流元素。<br/> 在这里,你可以分享个性搭配,晒入手好物,分享扮美心得。<br/> 在这里,你还可以免费试用大牌正品，参加精彩活动，每日收获惊喜！<br/> 立志美丽的菇凉们,马上打开蘑菇街,享受变漂亮的乐趣吧。<br/> 菇凉们的体验：<br/> 1.“女人们的专属福地，每次看都耳目一新，时尚感好强，购物也很方便。” <br/> 2.“太实用了，看图清晰不费流量，淘宝控必备。每天都有大牌试用品发放，大爱蘑菇街！”<br/> 3.“喜欢错位式的浏览,软件也超级省流量,上下班途逛街就可以逛”<br/> 4.“能和新浪微博好友互动，太方便了！”<br/>  官方微博:http://weibo.com/mogujie<br/> 官方网站:http://mogujie.com<br/> 如果您在使用过程中遇到了问题，不妨留下您的评论或在蘑菇街网站留下您的意见和评论，以便我们及时修正与优化。<br/>', 'D', '蘑菇街', '蘑菇街'),
(46, 'android', '时尚街拍', '/upload/android/imgs/20120629121454250.png', '免费', '1.2', 104, 89, '王宇', '中文', '1.57M', 2007, '2012-06-28 23:31:54', NULL, NULL, '/upload/android/apps/StreetGallery_netease_v1.2.apk', NULL, '给你最热的时尚街拍，每天实时更新！更有N多搭配达人参与分享和点评！ <br/> ★点评最有型：每张街拍都有时尚达人点评，无需注册即可方便的参与互动。 <br/> ★潮流齐分享：一键保存精彩街拍，快速将潮流分享给新浪/腾讯微博、人人网/开心网好友。<br/>  ★顶踩谁更IN：使用顶踩功能选出最时尚的街拍，让编辑更懂得您的潮流品味。 街拍人物：明星模特、至潮人士、型男美女、草根达人 街拍地域：欧美范儿、日韩时尚、港台流行、中国精彩 为您带来新功能： <br/> ★极方便的图片分享，一触即可与微博/人人网等好友共享精彩，极速省流量！<br/>  ★焕然一新的界面，欣赏美图同时倍觉清爽！ <br/> ★贴心的流量提示，让您hold住流量！ 同时改进上版缺陷： √极大减少崩溃和卡顿现象 √从技术上减少部分图片重复 √离线下载图片默认数值优化', 'D', '时尚街拍', '时尚街拍'),
(47, 'android', '新鲜网', '/upload/android/imgs/20120629121851968.png', '免费', '2.0', 104, 89, '上海爱新鲜网络科技股份有限公司', '中文', '1.7M', 2007, '2012-06-28 23:31:54', NULL, NULL, '/upload/android/apps/fishnet.2.0.apk', NULL, '时尚MM必备应用，真实网友分享搭配经验。<br/> <br/> 在这里，欣赏各种搭配风格的衣饰，以及网友给予的赞美与建议。<br/> 在这里，秀出你的搭配和衣饰，让大家共同享受你的快乐。<br/> 在这里，与你的闺蜜们分享生活中的各种乐趣。 <br/> <br/> 有了我们，你坐公交地铁时，上班上课时，在家躺着时都不会无聊。 <br/>', 'D', '新鲜网', '新鲜网'),
(48, 'android', '可可私房菜', '/upload/android/imgs/20120629122154229.png', '免费', '2.0.6', 105, 95, '钱可可', '中文', '3.41M', 2008, '2012-06-28 23:31:54', NULL, NULL, '/upload/android/apps/lechu2.0.6_netease.apk', NULL, '可可私房菜（http://hi.baidu.com/kekeke2007）是百度空间访问量最高的原创美食博客，里边有可可在工作之余分享的400多道中西美食。可可私房菜Android版从中精选了一些操作简单、味道经典的家常菜做法，菜品拍摄、文字撰写、界面设计等均由本人原创完成。软件制作精巧用心，菜品操作详细易懂，也希望能通过这个软件，可以和更多的人一起分享美食带来的乐趣，爱上厨房，用心生活。欢迎提出各种意见建议，谢谢！<br/> 可可，朝九晚五的上班族，热爱美食、摄影、绘画以及发呆。喜欢简单、随心，钟情一切美好的事物:) 写美食博客三多年，软件中所有的美食也均是自己在工作之余完成。可可相信，用心生活，用心做每一件自己喜欢的事情就能拥有些细小而长久的幸福也愿意和大家一起，在厨房里，在生活中，发现这些小小的幸福:)<br/> 可可的新浪微博http://weibo.com/qiankeke<br/> 可可的美食博客http://hi.baidu.com/kekeke2007', 'D', '可可私房菜', '可可私房菜'),
(49, 'android', '美食拼图', '/upload/android/imgs/20120629122239859.png', '免费', '1.2.0', 105, 95, '南京快拼信息科技有限公司', '中文', '1.23M', 2008, '2012-06-28 23:31:54', NULL, NULL, '/upload/android/apps/mspt.1.2.0.apk', NULL, '一道家乡菜，思念起家乡味道； 一道大锅菜，回忆起青葱岁月； 无论是星级大餐，还是街巷小吃， 记录的是一样的幸福， 分享的是一样的快乐， 我们相信，美食的快乐，不仅仅是满足舌尖和“胃”道。 饮食中的人文精神能让美食富有传播力并且历久弥新，这是一个新的境界。 独乐乐，与人乐乐，孰乐？ 不要让Pin只是一颗停留孤独的图钉！ 大家一起拼，用一幅幅美食图片拼出每一个人心中幸福的拼图。 快乐源自分享，幸福就在身边。 无论是杯中酒，还是微博晒， 美食每刻，记录身边的幸福点滴，从围坐在一起的身边人开始。 美食拼图<br/> 【特色功能】： 附近美食——发现 熟人的周边美食推荐。 好友分享——关注 好友的美食动态。 美食拼图——分享 您的美食心情。 我的美食——记录 您的美食日记。 亲，快来拼吧～ 版本更新： 美食拼图', 'D', '美食拼图', '美食拼图'),
(50, 'android', '去哪儿旅行', '/upload/android/imgs/2012062912241822.png', '免费', '6.3.2', 105, 90, '北京趣拿软件科技有限公司', '中文', '2.82M', 2008, '2012-06-28 23:31:54', NULL, NULL, '/upload/android/apps/Qunar.6.3.2.apk', NULL, '去哪儿旅行-机票、航班、酒店、火车票、旅游度假、团购、景点市场上【最炫酷最全】的旅游、出行应用，特价机票、酒店特价房预订；12,000条国内国际航线查询起落状态一览无遗、180天机票价格趋势实时查看；身边地图式酒店查询预订、每日6点后尾房抢订；周边景点、本地旅游团购，实惠多多：出行最好帮手机票预订、机场航班、度假旅行、折扣酒店、火车票查询、出境游团购、优惠网购、娱乐休闲打折信息应有尽有。同时可以分享到新浪微博等主流平台。新增支付宝支付功能，支持主流借记卡、信用卡支付。', 'D', '去哪儿旅行', '去哪儿旅行');
INSERT INTO `apps` (`id`, `type_name`, `name`, `logo`, `price`, `version`, `category_id`, `star`, `developer`, `language`, `size`, `download_times`, `created_at`, `updated_at`, `created_by`, `app_path`, `comment`, `description`, `status`, `meta_keyword`, `meta_desc`) VALUES
(51, 'android', '途牛旅游', '/upload/android/imgs/20120629122948949.png', '免费', '1.3', 105, 93, '途牛旅游网', '中文', '1.80M', 2008, '2012-06-28 23:31:54', NULL, NULL, '/upload/android/apps/com.tuniu.app.ui_4.apk', NULL, '途牛旅游是一款提供旅游度假产品在线展示和预定服务的旅游软件，具有线路查询、线路搜索 、线路收藏、行程介绍、客户点评、订单查询、会员管理等功能。<br/> <br/> 主要功能简介：<br/> 1、周边旅游、国内旅游、出境旅游线路查询预定功能。<br/> 2、线路详情全方位展示，全面了解线路特色、行程介绍、资费说明、客户反馈等。 2、热门活动推荐，轻松享受优惠好礼。<br/> <br/> 途牛旅游提供旅游度假产品预订服务，产品全面，价格透明，全年365天400电话预订，并提供 丰富的后续服务和保障。目前提供全国主要城市出发旅游产品的预定，包括周边自助旅游（如 景点门票、住宿、温泉等），周边跟团旅游，国内长线跟团旅游，海南、云南、广西等自助旅 游，以及包括港澳、马尔代夫海岛在内的出境自助游，出、跟团旅游等。<br/>', 'D', '途牛旅游', '途牛旅游'),
(52, 'android', '旅行翻译官', '/upload/android/imgs/20120629123239838.png', '免费', '2.8', 105, 90, '北京蚂蜂窝网络科技有限公司', '中文', '8.56M', 2008, '2012-06-28 23:31:54', NULL, NULL, '/upload/android/apps/mfovoiceguide-2.8-WangYi.apk', NULL, '旅行翻译官让您的Android设备开口说话，由蚂蜂窝旅行网原创打造，软件包含40多个语种，每个语种根据不同的场景进行分类,如交通、问候、银行、购物、娱乐、餐饮等。<br/> *每条语句点击即可发音,简单方便<br/> *全中文界面<br/> *默认支持中英文翻译<br/> *多国语音包<br/> *录音分享<br/> *实时语音翻译<br/>', 'D', '旅行翻译官', '旅行翻译官'),
(53, 'android', '舌尖上的中国', '/upload/android/imgs/20120629123651241.png', '免费', '1.4.4', 105, 92, '王佳凌', '中文', '1.65M', 2008, '2012-06-28 23:31:54', NULL, NULL, '/upload/android/apps/com.tastingchina.apk', NULL, '《舌尖上的中国》是纪录频道推出的第一部高端美食类系列纪录片，是国内第一次使用高清设备拍摄的大型美食类纪录片。共在国内拍摄60个地点方，涵盖了包括港澳台在内的中国各个地域，它全方位展示博大精深的中华美食文化。向观众，尤其是海外观众展示中国的日常饮食流变，千差万别的饮食习惯和独特的味觉审美，以及上升到生存智慧层面的东方生活价值观，让观众从饮食文化的侧面认识和理解传统和变化着的中国。', 'D', '舌尖上的中国', '舌尖上的中国'),
(54, 'android', '﻿Camera360', '/upload/android/imgs/20120629123922889.png', '免费', '3.3', 106, 89, '成都品果科技有限公司', '中文', '6.11M', 2008, '2012-06-28 23:31:54', NULL, NULL, '/upload/android/apps/camera360.3.3.apk', NULL, 'Camera360【相机360】——艺术在你手中！<br/> Camera360是一款功能强大的手机摄影软件。集合连拍、防抖、定时多种拍摄模式，超过３０种特效和近百款模版选择，无需专业技巧，人人都可以成为摄影大师。同时个性分享可一键至微博、开心网、人人网、QQ空间、街旁等。<br/> <br/> 软件特色：<br/> LOMO、魔法色彩、复古、梦幻、黑与白艺术、梦回1839、效果增强、夜景拍摄的神奇效果让原本普通的照片瞬间充满不可思议的魔力;让你感觉到，原来做一个摄影大师就这么简单。 <br/> 让人惊讶的HDR效果甚至超过了iPhone HDR。 <br/> 特有的\\"趣味相机\\"拍摄出幽灵、素描、鱼眼等趣味、搞怪的效果让生活在不经意间充满欢乐。 <br/> 特有的\\"情景相机\\"拍摄出妙趣横生的合成照片，将你置身于电影海报、艺术绘画、户外广告、各类贺卡之中，让小人物也可以成为光芒四射的明星，随时随地绽放魅力。  特有的\\"移轴相机\\"效果原本只存在于动辄数万的单反相机中，让你惊叹原来小小手机也可以拍摄出单反的景深效果。<br/> 特有的\\"移色相机\\"，让你游离于黑白与色彩之间，原来换一个角度，世界是如此不同。 ', 'D', '﻿Camera360', '﻿Camera360'),
(55, 'android', '美图GIF', '/upload/android/imgs/20120629124311526.png', '免费', '1.2.1', 106, 95, '厦门美图网科技有限公司', '中文', '11.98M', 2008, '2012-06-28 23:31:54', NULL, NULL, '/upload/android/apps/mtgif_1.2.1.apk', NULL, '产品介绍：<br/>  “美图GIF”安卓机子上效果丰富的GIF制作软件，简单易用，可以拍摄超好玩的动态照片，制作真人QQ表情，并一键分享到微博！ <br/> 亮点功能： <br/> ★新增“魔术GIF”功能，国内安卓平台独家首发！让你的作品鹤立鸡群。 <br/> ★内置25个美图秀秀精选的LOMO和可爱效果，品质保证！ <br/> ★独家设计的10个创意场景特效，让你的GIF作品脱颖而出。 <br/> ★独家设计的7种哈哈镜特效，让你一秒钟大变形。 <br/> ★在同类产品中，生成速度最快、画质最优、效果最好。 <br/> ★一键发送至各大社交平台，与朋友们分享乐趣！ 适用分辨率：240*320 ；240*400 ；240*432 ；320*480；360*640；480*800；480*848；480*854； 640*960；600*800；600*1024 ', 'D', '美图GIF', '美图GIF'),
(56, 'android', '﻿酷狗音乐播放器', '/upload/android/imgs/20120629124426691.png', '免费', '4.1.71', 106, 95, '广州酷狗计算机科技有限公司', '中文', '2.91M', 2008, '2012-06-28 23:31:54', NULL, NULL, '/upload/android/apps/KugouPlayer_97_V4.1.7.apk', NULL, '酷狗音乐 酷狗音乐安卓版（手机酷狗）是最受欢迎的音乐播放器，有强大的音乐搜索和高速下载功能、全球最全音乐曲库，最专业的音频解码核心技术，完美实现各种音频格式的高保真播放。<br/> 更新内容：<br/> 1. 升级酷狗音乐解码器，支持无损音乐，支持格式包括MP3，m4a，flac，ape，wma，wmv，ogg,acc<br/> 2. 增加从手机内存移动文件到扩展卡的功能<br/> 3. 优化登陆账号时的网络稳定性<br/> 4. 修复部分OPPO机型获取运营商的api返回数据异常问题<br/> 5. 解决用户反馈的一些小问题<br/> 6. 解决了一个导致崩溃问题 酷狗音乐<br/> 安卓版功能特性：<br/> 1.随便听听，音乐智能推荐，频道随心换<br/> 2.海量网络曲库，云音乐随身听<br/> 3.全新软件界面，更完美的操作体验<br/> 4.强大的音乐搜索引擎，全球歌曲极速下载<br/> 5.热门歌手图像自动匹配，赏心悦目<br/> 6.精心打造数十个潮流榜单，尽赏音乐盛宴<br/> 7.自主研发逐字精准KRC歌词，随时随地卡拉OK<br/>', 'D', '﻿酷狗音乐播放器', '﻿酷狗音乐播放器'),
(57, 'android', '腾讯手机管家', '/upload/android/imgs/2012062912470521.jpg', '免费', '3.5.0', 107, 96, '腾讯_Tencent', '中文', '4.92M', 2009, '2012-06-28 23:31:54', NULL, NULL, '/upload/android/apps/safe.qq.3.5.0.apk', NULL, '腾讯手机管家（原：QQ手机管家）：是一款永久免费的手机安全与管理软件，集一键体检、手机加速、智能省电、流量监控、骚扰拦截、手机令牌、手机防盗、病毒查杀及隐私保护等功能于一体，既是安全专家，更是贴心管家，360°保护您的无线生活！ 主要功能： <br/> 1、 一键体检：快速扫描恶意软件、扣费短信、垃圾文件、关键设置项等，全方位掌握手机状况，一键智能修复，为手机保驾护航; <br/> 2、 手机加速：一键释放系统内存，彻底清理系统垃圾，加速手机运行速度;<br/>  3、 智能省电：智能调节系统参数和关闭耗电功能设置，最多可为您的手机省电达70%; <br/> 4、 流量监控：上网流量实时监控，自定义联网黑白名单，流量超限自动断网，避免流量损失; <br/> 5、 骚扰拦截：基于业界领先的云端智能拦截系统，轻松拦截垃圾信息，屏蔽骚扰电话; <br/> 6、 手机令牌：特有的手机令牌功能，一键修改QQ密码，通过动态密码，全方位保护QQ帐号安全; <br/> 7、 手机防盗：设置防盗密码，借助手机指令，实现远程控制，保护隐私安全 <br/> 8、 病毒查杀：QQ手机管家和卡巴斯基双核查杀，让手机病毒无处藏身 <br/> 9、 更多功能：还提供QQ网盘、隐私保护、手机截屏、权限监控、IP拨号、来去电归属地显示、电话黄页、去电震动、通讯录备份、文件保险箱等贴心服务，让您生活更便捷', 'D', '腾讯手机管家', '腾讯手机管家'),
(58, 'android', '时尚手电筒', '/upload/android/imgs/20120629124817254.png', '免费', '5.0', 107, 90, 'Nikolay Ananiev', '中文', '1.39M', 2008, '2012-06-28 23:31:54', NULL, NULL, '/upload/android/apps/com.devuni.flashlight_163722.apk', NULL, '令人难以置信的一款简单却很有用的手电筒的 Android 软件。让你手机照相机的 LED 像手电筒一样。它是近来 Android 市场最棒的一款手电软件了。可模拟多种手电筒模式，界面简洁大方，强烈推荐！<br/> <br/> 软件特点：<br/> 它支持设备相机范围最为广泛; <br/> 它是市场上最亮的一款手电筒，因为相机的 LED 会在黑暗中发出非常强烈的光线;  有不同的模式选择; <br/> 具有巨大的和多元化的屏幕灯; <br/> 包括一个彩色光。 <br/> 功能说明：<br/> 开启LED手电筒; <br/> 开启屏幕灯光; <br/> 开启警告灯; <br/> 彩色灯泡和屏幕灯光; <br/> 模拟警察灯; <br/> 播放电筒按键音效; <br/> 设置默认光源; <br/> 设置可见光源类型; <br/> 设置LED手电/屏幕灯筒默认开启/关闭状态。 ', 'D', '时尚手电筒', '时尚手电筒'),
(59, 'android', '公交车手机防盗卫士', '/upload/android/imgs/20120629125014592.png', '免费', '12.4.25', 107, 92, 'liuyangccsu', '中文', '2.00M', 2008, '2012-06-28 23:31:54', NULL, NULL, '/upload/android/apps/com.liuyang.MyWarner_092718.apk', NULL, '一款用于乘坐公交车或地铁等交通工具时防止手机被扒的软件。<br/> <br/> 【使用方法】：<br/> 一键操作。开启防盗卫士，点击开始保护按钮，将手机放入口袋即可，当手机被人从口袋里掏出时，手机将发出报警声，让“扒手”无处遁形！<br/> <br/> 【设计原理】：<br/> 手机的距离传感器+光传感器。<br/> <br/> 【相关功能】:<br/> ·后台运行<br/> ·自动适配传感器参数<br/> ·自由设置报警铃声<br/> ·密码设置<br/> ·报警音量及时间设置<br/>', 'D', '公交车手机防盗卫士', '公交车手机防盗卫士'),
(60, 'android', '点心省电', '/upload/android/imgs/20120629125206133.png', '免费', '1.4.7', 107, 92, '北京风灵创景科技有限公司', '中文', '2.29M', 2008, '2012-06-28 23:31:54', NULL, NULL, '/upload/android/apps/com.dianxinos.powermanager.1.4.7.apk', NULL, '延长待机时间达50%以上，安卓手机再也不用一天一充！ 应用简介 延长待机时间达50%以上，安卓手机再也不用一天一充！ 谁偷走了你的电量——统计，显示每个耗电应用，让电量损耗一目了然 剩余电量还能做啥——精准到分钟，准确预估上网、通话、音乐、视频剩余时间 创新场景模式切换——超长待机，普通省电，不同省电模式随手切换 更智能，更省电——手机低电量时自动切换省电模式，不必担心手机自动关机。 欢迎通过以下方式联系我们~ 点心省电<br/> 官方QQ群：164959453、55650621 <br/> 关注@点心省电微博：http://weibo.com/dxbattery <br/> 官方论坛：http://bbs.dianxinos.com<br/>', 'D', '点心省电', '点心省电'),
(61, 'android', '全屏来电显示', '/upload/android/imgs/2012062912533314.png', '免费', '1.76', 107, 95, 'Wro Claw Studio', '中文', '2.19M', 2008, '2012-06-28 23:31:54', NULL, NULL, '/upload/android/apps/BIG! caller ID.apk', NULL, 'BIG! caller ID Full是一款能够全屏幕显示来电连络人图片的软件，利用这款软件，当你的联络人拨打电话的时候，就会全萤幕显示高清晰的图片。 听起来，这款软体的功能和Full Screen Caller ID（全萤幕来电大头贴）在功能上是非常类似的。<br/> <br/> 软体特色：<br/> - 能够与Facebook相连接，并自动下载全萤幕照片；<br/> - 自订来电ID的萤幕内容：<br/> - 选择单击或滑块切换来电萤幕主题；<br/> - 选择全萤幕或者只有很少接触的来电ID；<br/> - 全萤幕来电+传出呼叫。<br/>', 'D', '全屏来电显示', '全屏来电显示'),
(62, 'android', '食品安全黑名单', '/upload/android/imgs/2012062912544075.jpg', '免费', '1.1', 107, 89, '刘柱坚', '中文', '1.61M', 2008, '2012-06-28 23:31:54', NULL, NULL, '/upload/android/apps/com.winfield.apps.foodsafe_2.apk', NULL, '及时快速便捷地查询到市场不合格的食品<br/> 你了解正在吃的食物是否安全吗？地沟油、瘦肉精、三聚氰胺……不合格产品正充斥我们日常的生活，你可能会在不知不觉中吃到了不合格的食品，影响到我们的身体健康。<br/> 现在这个问题不用担心了，只要在手机上安装一个中国大陆首款拥有官方权威提供的食品安全数据ＡＰＰ，你就能及时快速便捷地查询到市场不合格的食品，从而避免无良奸商对我们身体的毒害。<br/>', 'D', '食品安全黑名单', '食品安全黑名单');

-- --------------------------------------------------------

--
-- 表的结构 `app_categories`
--

CREATE TABLE IF NOT EXISTS `app_categories` (
  `id` int(11) NOT NULL AUTO_INCREMENT,
  `app_id` bigint(20) NOT NULL,
  `category_id` int(11) NOT NULL,
  `created_at` datetime DEFAULT NULL,
  `updated_at` datetime DEFAULT NULL,
  PRIMARY KEY (`id`)
) ENGINE=MyISAM  DEFAULT CHARSET=utf8 AUTO_INCREMENT=60 ;

--
-- 转存表中的数据 `app_categories`
--

INSERT INTO `app_categories` (`id`, `app_id`, `category_id`, `created_at`, `updated_at`) VALUES
(5, 8, 103, '2012-06-26 23:06:24', NULL),
(6, 9, 103, '2012-06-26 23:06:42', NULL),
(7, 10, 102, '2012-06-27 00:01:42', NULL),
(8, 11, 104, '2012-06-27 00:44:35', NULL),
(9, 12, 1, '2012-06-27 00:47:16', NULL),
(10, 13, 106, '2012-06-27 00:57:58', NULL),
(11, 14, 106, '2012-06-27 01:15:44', NULL),
(12, 15, 108, '2012-06-27 20:29:52', NULL),
(13, 16, 101, '2012-06-27 20:42:11', NULL),
(14, 17, 101, '2012-06-27 20:56:49', NULL),
(15, 18, 1, '2012-06-27 21:09:10', NULL),
(16, 19, 102, '2012-06-27 21:47:20', NULL),
(17, 20, 106, '2012-06-27 22:03:02', NULL),
(18, 21, 109, '2012-06-27 22:15:18', NULL),
(19, 22, 111, '2012-06-27 22:31:26', NULL),
(20, 23, 111, '2012-06-27 22:38:23', NULL),
(21, 24, 112, '2012-06-27 23:09:52', NULL),
(22, 25, 111, '2012-06-27 23:14:48', NULL),
(23, 26, 111, '2012-06-27 23:37:19', NULL),
(24, 27, 111, '2012-06-27 23:49:59', NULL),
(25, 28, 111, '2012-06-27 23:59:16', NULL),
(26, 29, 111, '2012-06-28 00:05:21', NULL),
(27, 30, 109, '2012-06-28 00:11:12', NULL),
(28, 31, 109, '2012-06-28 00:20:35', NULL),
(29, 32, 102, '2012-06-28 23:28:31', NULL),
(30, 33, 102, '2012-06-28 23:33:05', NULL),
(31, 34, 102, '2012-06-28 23:35:12', NULL),
(32, 35, 102, '2012-06-28 23:38:27', NULL),
(33, 36, 102, '2012-06-28 23:40:34', NULL),
(34, 37, 103, '2012-06-28 23:44:11', NULL),
(35, 38, 103, '2012-06-28 23:50:52', NULL),
(36, 39, 103, '2012-06-28 23:54:52', NULL),
(37, 40, 103, '2012-06-28 23:58:45', NULL),
(38, 41, 103, '2012-06-29 00:02:35', NULL),
(39, 42, 104, '2012-06-29 00:05:24', NULL),
(40, 43, 104, '2012-06-29 00:08:16', NULL),
(41, 44, 104, '2012-06-29 00:09:36', NULL),
(42, 45, 104, '2012-06-29 00:11:59', NULL),
(43, 46, 104, '2012-06-29 00:14:00', NULL),
(44, 47, 104, '2012-06-29 00:18:02', NULL),
(45, 48, 105, '2012-06-29 00:20:22', NULL),
(46, 49, 105, '2012-06-29 00:21:55', NULL),
(47, 50, 105, '2012-06-29 00:23:18', NULL),
(48, 51, 105, '2012-06-29 00:28:47', NULL),
(49, 52, 105, '2012-06-29 00:30:15', NULL),
(50, 53, 105, '2012-06-29 00:31:31', NULL),
(51, 54, 106, '2012-06-29 00:37:41', NULL),
(52, 55, 106, '2012-06-29 00:40:12', NULL),
(53, 56, 106, '2012-06-29 00:41:52', NULL),
(54, 57, 107, '2012-06-29 00:45:45', NULL),
(55, 58, 107, '2012-06-29 00:47:30', NULL),
(56, 59, 107, '2012-06-29 00:49:06', NULL),
(57, 60, 107, '2012-06-29 00:50:55', NULL),
(58, 61, 107, '2012-06-29 00:52:33', NULL),
(59, 62, 107, '2012-06-29 00:53:52', NULL);

-- --------------------------------------------------------

--
-- 表的结构 `app_downloads`
--

CREATE TABLE IF NOT EXISTS `app_downloads` (
  `id` bigint(20) NOT NULL AUTO_INCREMENT,
  `app_id` bigint(20) DEFAULT NULL,
  `ip_from` varchar(50) DEFAULT NULL,
  `brower` varchar(50) DEFAULT NULL,
  `system` varchar(50) DEFAULT NULL,
  `created_at` datetime DEFAULT NULL,
  PRIMARY KEY (`id`)
) ENGINE=MyISAM  DEFAULT CHARSET=utf8 AUTO_INCREMENT=447 ;

--
-- 转存表中的数据 `app_downloads`
--

INSERT INTO `app_downloads` (`id`, `app_id`, `ip_from`, `brower`, `system`, `created_at`) VALUES
(1, 9, '60.220.213.120', 'Chrome', 'Linux', '2012-06-26 23:27:12'),
(2, 9, '60.220.213.120', 'Chrome', 'Linux', '2012-06-26 23:28:20'),
(3, 9, '60.220.213.121', 'Chrome', 'Linux', '2012-06-26 23:29:39'),
(4, 15, '58.240.173.139', 'Chrome', 'Windows 7', '2012-06-27 20:31:42'),
(5, 22, '58.240.173.142', 'Chrome', 'Windows 7', '2012-06-27 22:40:59'),
(6, 23, '58.240.173.142', 'Chrome', 'Linux', '2012-06-28 01:13:53'),
(7, 29, '58.240.173.142', 'Chrome', 'Linux', '2012-06-28 01:15:14'),
(8, 16, '66.249.69.3', 'unknow', 'unknow', '2012-06-28 04:26:05'),
(9, 17, '66.249.67.151', 'unknow', 'unknow', '2012-06-28 04:35:58'),
(10, 19, '66.249.69.3', 'unknow', 'unknow', '2012-06-28 04:57:45'),
(11, 14, '66.249.69.3', 'unknow', 'unknow', '2012-06-28 05:00:56'),
(12, 10, '66.249.69.3', 'unknow', 'unknow', '2012-06-28 05:08:13'),
(13, 13, '66.249.69.3', 'unknow', 'unknow', '2012-06-28 05:10:33'),
(14, 22, '66.249.69.3', 'unknow', 'unknow', '2012-06-28 05:52:25'),
(15, 9, '66.249.69.3', 'unknow', 'unknow', '2012-06-28 05:54:22'),
(16, 30, '66.249.69.3', 'unknow', 'unknow', '2012-06-28 05:55:07'),
(17, 12, '66.249.69.3', 'unknow', 'unknow', '2012-06-28 05:55:52'),
(18, 25, '66.249.69.3', 'unknow', 'unknow', '2012-06-28 05:56:38'),
(19, 29, '66.249.69.3', 'unknow', 'unknow', '2012-06-28 05:57:23'),
(20, 23, '66.249.69.3', 'unknow', 'unknow', '2012-06-28 05:58:09'),
(21, 20, '66.249.69.3', 'unknow', 'unknow', '2012-06-28 05:58:58'),
(22, 24, '66.249.69.3', 'unknow', 'unknow', '2012-06-28 05:59:39'),
(23, 28, '66.249.69.3', 'unknow', 'unknow', '2012-06-28 06:00:25'),
(24, 26, '66.249.69.3', 'unknow', 'unknow', '2012-06-28 06:01:10'),
(25, 21, '66.249.69.3', 'unknow', 'unknow', '2012-06-28 06:01:56'),
(26, 27, '66.249.69.3', 'unknow', 'unknow', '2012-06-28 06:02:42'),
(27, 15, '66.249.69.3', 'unknow', 'unknow', '2012-06-28 06:03:27'),
(28, 31, '66.249.69.3', 'unknow', 'unknow', '2012-06-28 06:04:13'),
(29, 18, '66.249.69.3', 'unknow', 'unknow', '2012-06-28 06:04:58'),
(30, 11, '66.249.69.3', 'unknow', 'unknow', '2012-06-28 06:05:43'),
(31, 57, '222.66.163.194', 'Chrome', 'Windows 7', '2012-06-29 08:33:46'),
(32, 10, '66.249.67.119', 'unknow', 'unknow', '2012-06-29 14:40:08'),
(33, 9, '66.249.67.119', 'unknow', 'unknow', '2012-06-29 14:40:09'),
(34, 30, '66.249.67.119', 'unknow', 'unknow', '2012-06-29 14:40:14'),
(35, 21, '66.249.67.119', 'unknow', 'unknow', '2012-06-29 14:40:29'),
(36, 37, '66.249.67.119', 'unknow', 'unknow', '2012-06-29 14:40:37'),
(37, 46, '66.249.67.119', 'unknow', 'unknow', '2012-06-29 14:40:39'),
(38, 45, '66.249.67.119', 'unknow', 'unknow', '2012-06-29 14:40:41'),
(39, 15, '66.249.67.119', 'unknow', 'unknow', '2012-06-29 14:40:46'),
(40, 17, '66.249.67.119', 'unknow', 'unknow', '2012-06-29 14:40:46'),
(41, 31, '66.249.67.119', 'unknow', 'unknow', '2012-06-29 14:40:53'),
(42, 41, '66.249.67.119', 'unknow', 'unknow', '2012-06-29 14:41:06'),
(43, 62, '66.249.67.119', 'unknow', 'unknow', '2012-06-29 14:41:10'),
(44, 26, '66.249.67.119', 'unknow', 'unknow', '2012-06-29 14:41:10'),
(45, 58, '66.249.67.119', 'unknow', 'unknow', '2012-06-29 14:41:29'),
(46, 20, '66.249.67.119', 'unknow', 'unknow', '2012-06-29 14:41:30'),
(47, 52, '66.249.67.119', 'unknow', 'unknow', '2012-06-29 14:41:30'),
(48, 47, '66.249.67.119', 'unknow', 'unknow', '2012-06-29 14:41:52'),
(49, 19, '66.249.67.119', 'unknow', 'unknow', '2012-06-29 14:41:53'),
(50, 32, '66.249.67.119', 'unknow', 'unknow', '2012-06-29 14:41:53'),
(51, 35, '66.249.67.119', 'unknow', 'unknow', '2012-06-29 14:42:00'),
(52, 12, '66.249.67.119', 'unknow', 'unknow', '2012-06-29 14:42:01'),
(53, 13, '66.249.67.119', 'unknow', 'unknow', '2012-06-29 14:42:04'),
(54, 34, '66.249.67.119', 'unknow', 'unknow', '2012-06-29 14:42:05'),
(55, 22, '66.249.67.119', 'unknow', 'unknow', '2012-06-29 14:42:08'),
(56, 59, '66.249.67.119', 'unknow', 'unknow', '2012-06-29 14:42:19'),
(57, 40, '66.249.67.119', 'unknow', 'unknow', '2012-06-29 14:42:20'),
(58, 27, '66.249.67.119', 'unknow', 'unknow', '2012-06-29 14:42:23'),
(59, 24, '66.249.67.119', 'unknow', 'unknow', '2012-06-29 14:42:28'),
(60, 25, '66.249.67.119', 'unknow', 'unknow', '2012-06-29 14:42:34'),
(61, 23, '66.249.67.119', 'unknow', 'unknow', '2012-06-29 14:42:39'),
(62, 36, '66.249.67.119', 'unknow', 'unknow', '2012-06-29 14:42:54'),
(63, 55, '66.249.67.119', 'unknow', 'unknow', '2012-06-29 14:42:55'),
(64, 42, '66.249.67.119', 'unknow', 'unknow', '2012-06-29 14:42:56'),
(65, 50, '66.249.67.119', 'unknow', 'unknow', '2012-06-29 14:43:02'),
(66, 53, '66.249.67.119', 'unknow', 'unknow', '2012-06-29 14:43:05'),
(67, 49, '66.249.67.119', 'unknow', 'unknow', '2012-06-29 14:43:10'),
(68, 39, '66.249.67.119', 'unknow', 'unknow', '2012-06-29 14:43:16'),
(69, 18, '66.249.67.119', 'unknow', 'unknow', '2012-06-29 14:43:21'),
(70, 54, '66.249.67.119', 'unknow', 'unknow', '2012-06-29 14:43:27'),
(71, 60, '66.249.67.119', 'unknow', 'unknow', '2012-06-29 14:43:32'),
(72, 43, '66.249.67.119', 'unknow', 'unknow', '2012-06-29 14:43:38'),
(73, 29, '66.249.67.119', 'unknow', 'unknow', '2012-06-29 14:43:43'),
(74, 56, '66.249.67.119', 'unknow', 'unknow', '2012-06-29 14:43:49'),
(75, 33, '66.249.67.119', 'unknow', 'unknow', '2012-06-29 14:43:54'),
(76, 16, '66.249.67.119', 'unknow', 'unknow', '2012-06-29 14:44:00'),
(77, 11, '66.249.67.119', 'unknow', 'unknow', '2012-06-29 14:44:05'),
(78, 28, '66.249.67.119', 'unknow', 'unknow', '2012-06-29 14:44:11'),
(79, 61, '66.249.67.119', 'unknow', 'unknow', '2012-06-29 14:44:16'),
(80, 57, '66.249.67.119', 'unknow', 'unknow', '2012-06-29 14:44:22'),
(81, 44, '66.249.67.119', 'unknow', 'unknow', '2012-06-29 14:44:27'),
(82, 48, '66.249.67.119', 'unknow', 'unknow', '2012-06-29 14:44:33'),
(83, 38, '66.249.67.119', 'unknow', 'unknow', '2012-06-29 14:44:38'),
(84, 14, '66.249.67.119', 'unknow', 'unknow', '2012-06-29 14:44:44'),
(85, 51, '66.249.67.119', 'unknow', 'unknow', '2012-06-29 14:44:49'),
(86, 21, '66.249.72.204', 'unknow', 'unknow', '2012-06-30 00:24:01'),
(87, 9, '66.249.72.204', 'unknow', 'unknow', '2012-06-30 00:24:25'),
(88, 30, '66.249.72.204', 'unknow', 'unknow', '2012-06-30 00:24:26'),
(89, 37, '66.249.72.204', 'unknow', 'unknow', '2012-06-30 00:24:39'),
(90, 10, '66.249.72.204', 'unknow', 'unknow', '2012-06-30 00:24:52'),
(91, 46, '66.249.72.204', 'unknow', 'unknow', '2012-06-30 00:25:05'),
(92, 45, '66.249.72.204', 'unknow', 'unknow', '2012-06-30 00:25:18'),
(93, 15, '66.249.72.204', 'unknow', 'unknow', '2012-06-30 00:25:31'),
(94, 17, '66.249.72.204', 'unknow', 'unknow', '2012-06-30 00:25:44'),
(95, 31, '66.249.72.204', 'unknow', 'unknow', '2012-06-30 00:25:57'),
(96, 41, '66.249.72.204', 'unknow', 'unknow', '2012-06-30 00:26:12'),
(97, 62, '66.249.72.204', 'unknow', 'unknow', '2012-06-30 00:26:23'),
(98, 26, '66.249.72.204', 'unknow', 'unknow', '2012-06-30 00:26:36'),
(99, 58, '66.249.72.204', 'unknow', 'unknow', '2012-06-30 00:26:50'),
(100, 20, '66.249.72.204', 'unknow', 'unknow', '2012-06-30 00:27:03'),
(101, 52, '66.249.72.204', 'unknow', 'unknow', '2012-06-30 00:27:20'),
(102, 47, '66.249.72.204', 'unknow', 'unknow', '2012-06-30 00:27:29'),
(103, 19, '66.249.72.204', 'unknow', 'unknow', '2012-06-30 00:27:42'),
(104, 32, '66.249.72.204', 'unknow', 'unknow', '2012-06-30 00:27:55'),
(105, 35, '66.249.72.204', 'unknow', 'unknow', '2012-06-30 00:28:08'),
(106, 12, '66.249.72.204', 'unknow', 'unknow', '2012-06-30 00:28:21'),
(107, 13, '66.249.72.204', 'unknow', 'unknow', '2012-06-30 00:28:34'),
(108, 34, '66.249.72.204', 'unknow', 'unknow', '2012-06-30 00:28:47'),
(109, 22, '66.249.72.204', 'unknow', 'unknow', '2012-06-30 00:29:00'),
(110, 59, '66.249.72.204', 'unknow', 'unknow', '2012-06-30 00:29:13'),
(111, 40, '66.249.72.204', 'unknow', 'unknow', '2012-06-30 00:29:27'),
(112, 27, '66.249.72.204', 'unknow', 'unknow', '2012-06-30 00:29:39'),
(113, 24, '66.249.72.204', 'unknow', 'unknow', '2012-06-30 00:29:52'),
(114, 25, '66.249.72.204', 'unknow', 'unknow', '2012-06-30 00:30:05'),
(115, 23, '66.249.72.204', 'unknow', 'unknow', '2012-06-30 00:30:18'),
(116, 36, '66.249.72.204', 'unknow', 'unknow', '2012-06-30 00:30:32'),
(117, 55, '66.249.72.204', 'unknow', 'unknow', '2012-06-30 00:30:44'),
(118, 42, '66.249.72.204', 'unknow', 'unknow', '2012-06-30 00:30:57'),
(119, 50, '66.249.72.204', 'unknow', 'unknow', '2012-06-30 00:31:11'),
(120, 53, '66.249.72.204', 'unknow', 'unknow', '2012-06-30 00:31:24'),
(121, 49, '66.249.72.204', 'unknow', 'unknow', '2012-06-30 00:31:37'),
(122, 39, '66.249.72.204', 'unknow', 'unknow', '2012-06-30 00:32:04'),
(123, 18, '66.249.72.204', 'unknow', 'unknow', '2012-06-30 00:32:19'),
(124, 54, '66.249.72.204', 'unknow', 'unknow', '2012-06-30 00:32:26'),
(125, 60, '66.249.72.204', 'unknow', 'unknow', '2012-06-30 00:32:30'),
(126, 43, '66.249.72.204', 'unknow', 'unknow', '2012-06-30 00:32:42'),
(127, 29, '66.249.72.204', 'unknow', 'unknow', '2012-06-30 00:32:54'),
(128, 56, '66.249.72.204', 'unknow', 'unknow', '2012-06-30 00:33:07'),
(129, 33, '66.249.72.204', 'unknow', 'unknow', '2012-06-30 00:33:20'),
(130, 16, '66.249.72.204', 'unknow', 'unknow', '2012-06-30 00:33:34'),
(131, 11, '66.249.72.204', 'unknow', 'unknow', '2012-06-30 00:33:47'),
(132, 28, '66.249.72.204', 'unknow', 'unknow', '2012-06-30 00:33:59'),
(133, 61, '66.249.72.204', 'unknow', 'unknow', '2012-06-30 00:34:13'),
(134, 57, '66.249.72.204', 'unknow', 'unknow', '2012-06-30 00:34:26'),
(135, 44, '66.249.72.204', 'unknow', 'unknow', '2012-06-30 00:34:39'),
(136, 48, '66.249.72.204', 'unknow', 'unknow', '2012-06-30 00:34:52'),
(137, 38, '66.249.72.204', 'unknow', 'unknow', '2012-06-30 00:35:05'),
(138, 14, '66.249.72.204', 'unknow', 'unknow', '2012-06-30 00:35:18'),
(139, 51, '66.249.72.204', 'unknow', 'unknow', '2012-06-30 00:35:31'),
(140, 18, '123.126.68.27', 'unknow', 'unknow', '2012-06-30 06:10:12'),
(141, 30, '123.126.68.27', 'unknow', 'unknow', '2012-06-30 06:32:28'),
(142, 46, '123.126.68.27', 'unknow', 'unknow', '2012-06-30 06:57:34'),
(143, 12, '123.126.68.27', 'unknow', 'unknow', '2012-06-30 07:18:07'),
(144, 47, '123.126.68.27', 'unknow', 'unknow', '2012-06-30 07:20:08'),
(145, 13, '123.126.68.27', 'unknow', 'unknow', '2012-06-30 08:00:44'),
(146, 17, '123.126.68.27', 'unknow', 'unknow', '2012-06-30 08:22:36'),
(147, 11, '123.126.68.27', 'unknow', 'unknow', '2012-06-30 08:45:19'),
(148, 36, '123.126.68.27', 'unknow', 'unknow', '2012-06-30 09:36:45'),
(149, 14, '123.126.68.27', 'unknow', 'unknow', '2012-06-30 09:59:05'),
(150, 25, '123.126.68.27', 'unknow', 'unknow', '2012-06-30 10:22:54'),
(151, 10, '123.126.68.27', 'unknow', 'unknow', '2012-06-30 10:24:53'),
(152, 49, '123.126.68.27', 'unknow', 'unknow', '2012-06-30 10:53:13'),
(153, 20, '123.126.68.27', 'unknow', 'unknow', '2012-06-30 11:18:02'),
(154, 23, '123.126.68.27', 'unknow', 'unknow', '2012-06-30 11:33:04'),
(155, 22, '123.126.68.27', 'unknow', 'unknow', '2012-06-30 11:38:06'),
(156, 45, '123.126.68.27', 'unknow', 'unknow', '2012-06-30 12:02:24'),
(157, 42, '123.126.68.27', 'unknow', 'unknow', '2012-06-30 13:09:22'),
(158, 33, '123.126.68.27', 'unknow', 'unknow', '2012-06-30 13:11:23'),
(159, 40, '123.126.68.27', 'unknow', 'unknow', '2012-06-30 13:38:46'),
(160, 56, '123.126.68.27', 'unknow', 'unknow', '2012-06-30 13:44:48'),
(161, 15, '123.126.68.27', 'unknow', 'unknow', '2012-06-30 14:03:25'),
(162, 34, '123.126.68.27', 'unknow', 'unknow', '2012-06-30 14:49:48'),
(163, 28, '123.126.68.27', 'unknow', 'unknow', '2012-06-30 15:10:05'),
(164, 44, '123.126.68.27', 'unknow', 'unknow', '2012-06-30 15:34:41'),
(165, 9, '123.126.68.27', 'unknow', 'unknow', '2012-06-30 15:55:21'),
(166, 53, '123.126.68.27', 'unknow', 'unknow', '2012-06-30 16:19:41'),
(167, 59, '123.126.68.27', 'unknow', 'unknow', '2012-06-30 16:42:13'),
(168, 48, '123.126.68.27', 'unknow', 'unknow', '2012-06-30 17:33:20'),
(169, 16, '123.126.68.27', 'unknow', 'unknow', '2012-06-30 18:05:22'),
(170, 21, '123.126.68.27', 'unknow', 'unknow', '2012-06-30 18:07:12'),
(171, 45, '220.181.124.180', 'unknow', 'unknow', '2012-06-30 18:19:14'),
(172, 32, '220.181.124.180', 'unknow', 'unknow', '2012-06-30 18:26:07'),
(173, 58, '123.126.68.27', 'unknow', 'unknow', '2012-06-30 18:29:57'),
(174, 60, '220.181.124.180', 'unknow', 'unknow', '2012-06-30 18:32:21'),
(175, 51, '220.181.124.180', 'unknow', 'unknow', '2012-06-30 19:01:11'),
(176, 55, '220.181.124.180', 'unknow', 'unknow', '2012-06-30 19:15:41'),
(177, 31, '220.181.124.180', 'unknow', 'unknow', '2012-06-30 19:49:02'),
(178, 25, '220.181.124.180', 'unknow', 'unknow', '2012-06-30 19:51:13'),
(179, 50, '123.126.68.27', 'unknow', 'unknow', '2012-06-30 19:58:07'),
(180, 37, '123.126.68.27', 'unknow', 'unknow', '2012-06-30 20:16:53'),
(181, 38, '123.126.68.27', 'unknow', 'unknow', '2012-06-30 20:23:00'),
(182, 22, '220.181.124.180', 'unknow', 'unknow', '2012-06-30 20:26:08'),
(183, 34, '220.181.124.180', 'unknow', 'unknow', '2012-06-30 20:30:08'),
(184, 49, '220.181.124.180', 'unknow', 'unknow', '2012-06-30 20:57:13'),
(185, 29, '123.126.68.27', 'unknow', 'unknow', '2012-06-30 21:01:32'),
(186, 32, '123.126.68.27', 'unknow', 'unknow', '2012-06-30 21:07:41'),
(187, 52, '220.181.124.180', 'unknow', 'unknow', '2012-06-30 21:34:48'),
(188, 44, '220.181.124.180', 'unknow', 'unknow', '2012-06-30 22:08:54'),
(189, 58, '220.181.124.180', 'unknow', 'unknow', '2012-06-30 22:15:45'),
(190, 47, '220.181.124.180', 'unknow', 'unknow', '2012-06-30 22:20:59'),
(191, 61, '123.126.68.27', 'unknow', 'unknow', '2012-06-30 22:34:32'),
(192, 31, '123.126.68.27', 'unknow', 'unknow', '2012-06-30 22:38:35'),
(193, 18, '220.181.124.180', 'unknow', 'unknow', '2012-06-30 22:45:09'),
(194, 19, '220.181.124.180', 'unknow', 'unknow', '2012-06-30 22:49:07'),
(195, 51, '123.126.68.27', 'unknow', 'unknow', '2012-06-30 23:00:33'),
(196, 30, '220.181.124.180', 'unknow', 'unknow', '2012-06-30 23:13:32'),
(197, 40, '220.181.124.180', 'unknow', 'unknow', '2012-06-30 23:19:45'),
(198, 17, '220.181.124.180', 'unknow', 'unknow', '2012-06-30 23:21:09'),
(199, 27, '123.126.68.27', 'unknow', 'unknow', '2012-07-01 00:17:20'),
(200, 61, '220.181.124.180', 'unknow', 'unknow', '2012-07-01 00:33:58'),
(201, 28, '220.181.124.180', 'unknow', 'unknow', '2012-07-01 00:35:53'),
(202, 29, '220.181.124.180', 'unknow', 'unknow', '2012-07-01 00:41:33'),
(203, 26, '123.126.68.27', 'unknow', 'unknow', '2012-07-01 01:07:40'),
(204, 9, '220.181.124.180', 'unknow', 'unknow', '2012-07-01 01:08:17'),
(205, 20, '220.181.124.180', 'unknow', 'unknow', '2012-07-01 01:10:37'),
(206, 38, '220.181.124.180', 'unknow', 'unknow', '2012-07-01 01:41:33'),
(207, 39, '220.181.124.180', 'unknow', 'unknow', '2012-07-01 01:47:15'),
(208, 37, '220.181.124.180', 'unknow', 'unknow', '2012-07-01 01:49:03'),
(209, 60, '123.126.68.27', 'unknow', 'unknow', '2012-07-01 01:55:25'),
(210, 35, '220.181.124.180', 'unknow', 'unknow', '2012-07-01 02:15:14'),
(211, 24, '220.181.124.180', 'unknow', 'unknow', '2012-07-01 02:21:05'),
(212, 24, '123.126.68.27', 'unknow', 'unknow', '2012-07-01 02:49:07'),
(213, 46, '220.181.124.180', 'unknow', 'unknow', '2012-07-01 02:55:27'),
(214, 19, '123.126.68.27', 'unknow', 'unknow', '2012-07-01 03:11:27'),
(215, 12, '220.181.124.180', 'unknow', 'unknow', '2012-07-01 03:34:32'),
(216, 39, '123.126.68.27', 'unknow', 'unknow', '2012-07-01 03:58:12'),
(217, 54, '123.126.68.27', 'unknow', 'unknow', '2012-07-01 04:00:10'),
(218, 48, '220.181.124.180', 'unknow', 'unknow', '2012-07-01 04:04:35'),
(219, 55, '123.126.68.27', 'unknow', 'unknow', '2012-07-01 04:21:54'),
(220, 59, '220.181.124.180', 'unknow', 'unknow', '2012-07-01 04:37:19'),
(221, 23, '220.181.124.180', 'unknow', 'unknow', '2012-07-01 05:12:42'),
(222, 43, '123.126.68.27', 'unknow', 'unknow', '2012-07-01 05:29:31'),
(223, 56, '220.181.124.180', 'unknow', 'unknow', '2012-07-01 05:50:39'),
(224, 15, '220.181.124.180', 'unknow', 'unknow', '2012-07-01 05:54:45'),
(225, 10, '220.181.124.180', 'unknow', 'unknow', '2012-07-01 06:23:59'),
(226, 27, '220.181.124.180', 'unknow', 'unknow', '2012-07-01 07:26:37'),
(227, 62, '123.126.68.27', 'unknow', 'unknow', '2012-07-01 08:38:22'),
(228, 14, '220.181.124.180', 'unknow', 'unknow', '2012-07-01 09:02:35'),
(229, 21, '220.181.124.180', 'unknow', 'unknow', '2012-07-01 09:10:20'),
(230, 54, '220.181.124.180', 'unknow', 'unknow', '2012-07-01 10:17:26'),
(231, 26, '220.181.124.180', 'unknow', 'unknow', '2012-07-01 10:20:46'),
(232, 11, '220.181.124.180', 'unknow', 'unknow', '2012-07-01 10:27:28'),
(233, 35, '123.126.68.27', 'unknow', 'unknow', '2012-07-01 12:24:52'),
(234, 57, '123.126.68.27', 'unknow', 'unknow', '2012-07-01 12:47:20'),
(235, 52, '123.126.68.27', 'unknow', 'unknow', '2012-07-01 13:12:47'),
(236, 41, '123.126.68.27', 'unknow', 'unknow', '2012-07-01 15:18:33'),
(237, 36, '220.181.124.180', 'unknow', 'unknow', '2012-07-01 23:05:27'),
(238, 50, '220.181.124.180', 'unknow', 'unknow', '2012-07-01 23:10:46'),
(239, 13, '220.181.124.180', 'unknow', 'unknow', '2012-07-02 00:34:49'),
(240, 16, '220.181.124.180', 'unknow', 'unknow', '2012-07-02 00:52:18'),
(241, 41, '220.181.124.180', 'unknow', 'unknow', '2012-07-02 01:12:23'),
(242, 53, '220.181.124.180', 'unknow', 'unknow', '2012-07-02 01:32:21'),
(243, 57, '220.181.124.180', 'unknow', 'unknow', '2012-07-02 01:37:51'),
(244, 11, '66.249.68.169', 'unknow', 'unknow', '2012-07-02 10:57:05'),
(245, 15, '66.249.68.169', 'unknow', 'unknow', '2012-07-02 11:13:25'),
(246, 16, '66.249.68.169', 'unknow', 'unknow', '2012-07-02 11:25:45'),
(247, 17, '66.249.68.169', 'unknow', 'unknow', '2012-07-02 11:40:53'),
(248, 18, '66.249.68.169', 'unknow', 'unknow', '2012-07-02 11:55:33'),
(249, 43, '220.181.124.180', 'unknow', 'unknow', '2012-07-02 14:48:43'),
(250, 42, '220.181.124.180', 'unknow', 'unknow', '2012-07-02 15:25:18'),
(251, 62, '220.181.124.180', 'unknow', 'unknow', '2012-07-02 15:53:53'),
(252, 33, '220.181.124.180', 'unknow', 'unknow', '2012-07-02 17:06:54'),
(253, 19, '66.249.68.169', 'unknow', 'unknow', '2012-07-02 18:20:07'),
(254, 1, '66.249.68.169', 'unknow', 'unknow', '2012-07-02 20:56:57'),
(255, 20, '66.249.68.169', 'unknow', 'unknow', '2012-07-02 22:15:21'),
(256, 12, '110.53.94.133', 'Chrome', 'Linux', '2012-07-02 23:05:46'),
(257, 14, '60.220.213.122', 'Chrome', 'Linux', '2012-07-03 00:04:11'),
(258, 11, '60.220.213.122', 'Chrome', 'Linux', '2012-07-03 00:04:24'),
(259, 11, '60.220.213.122', 'Chrome', 'Linux', '2012-07-03 00:04:34'),
(260, 29, '60.220.213.122', 'Chrome', 'Linux', '2012-07-03 00:04:51'),
(261, 21, '60.220.213.122', 'Chrome', 'Linux', '2012-07-03 00:05:01'),
(262, 61, '66.249.67.151', 'unknow', 'unknow', '2012-07-03 00:27:55'),
(263, 57, '66.249.67.151', 'unknow', 'unknow', '2012-07-03 00:28:23'),
(264, 52, '66.249.67.151', 'unknow', 'unknow', '2012-07-03 00:29:05'),
(265, 21, '66.249.68.169', 'unknow', 'unknow', '2012-07-03 00:29:44'),
(266, 48, '66.249.67.151', 'unknow', 'unknow', '2012-07-03 00:29:50'),
(267, 49, '66.249.67.151', 'unknow', 'unknow', '2012-07-03 00:30:29'),
(268, 60, '66.249.67.151', 'unknow', 'unknow', '2012-07-03 00:31:11'),
(269, 58, '66.249.67.151', 'unknow', 'unknow', '2012-07-03 00:31:52'),
(270, 62, '66.249.67.151', 'unknow', 'unknow', '2012-07-03 00:32:34'),
(271, 51, '66.249.67.151', 'unknow', 'unknow', '2012-07-03 00:33:16'),
(272, 50, '66.249.67.151', 'unknow', 'unknow', '2012-07-03 00:33:57'),
(273, 53, '66.249.67.151', 'unknow', 'unknow', '2012-07-03 00:34:39'),
(274, 59, '66.249.67.151', 'unknow', 'unknow', '2012-07-03 00:35:21'),
(275, 22, '66.249.68.169', 'unknow', 'unknow', '2012-07-03 00:41:21'),
(276, 23, '66.249.68.169', 'unknow', 'unknow', '2012-07-03 00:54:41'),
(277, 24, '66.249.68.169', 'unknow', 'unknow', '2012-07-03 01:11:02'),
(278, 56, '66.249.67.151', 'unknow', 'unknow', '2012-07-03 04:23:39'),
(279, 55, '66.249.67.151', 'unknow', 'unknow', '2012-07-03 04:25:29'),
(280, 54, '66.249.67.151', 'unknow', 'unknow', '2012-07-03 04:27:43'),
(281, 25, '66.249.68.169', 'unknow', 'unknow', '2012-07-03 05:17:53'),
(282, 26, '66.249.68.169', 'unknow', 'unknow', '2012-07-03 05:30:54'),
(283, 27, '66.249.68.169', 'unknow', 'unknow', '2012-07-03 05:43:50'),
(284, 28, '66.249.68.169', 'unknow', 'unknow', '2012-07-03 06:00:30'),
(285, 29, '66.249.68.169', 'unknow', 'unknow', '2012-07-03 11:37:11'),
(286, 30, '66.249.68.169', 'unknow', 'unknow', '2012-07-03 11:55:24'),
(287, 31, '66.249.68.169', 'unknow', 'unknow', '2012-07-03 12:16:15'),
(288, 32, '66.249.68.169', 'unknow', 'unknow', '2012-07-03 12:34:32'),
(289, 33, '66.249.68.169', 'unknow', 'unknow', '2012-07-03 12:53:38'),
(290, 53, '66.249.67.133', 'unknow', 'unknow', '2012-07-03 13:14:07'),
(291, 30, '66.249.67.133', 'unknow', 'unknow', '2012-07-03 13:14:07'),
(292, 52, '66.249.67.133', 'unknow', 'unknow', '2012-07-03 13:14:08'),
(293, 9, '66.249.67.133', 'unknow', 'unknow', '2012-07-03 13:14:31'),
(294, 46, '66.249.67.133', 'unknow', 'unknow', '2012-07-03 13:14:33'),
(295, 41, '66.249.67.133', 'unknow', 'unknow', '2012-07-03 13:14:43'),
(296, 56, '66.249.67.133', 'unknow', 'unknow', '2012-07-03 13:14:53'),
(297, 49, '66.249.67.133', 'unknow', 'unknow', '2012-07-03 13:15:02'),
(298, 54, '66.249.67.133', 'unknow', 'unknow', '2012-07-03 13:15:12'),
(299, 45, '66.249.67.133', 'unknow', 'unknow', '2012-07-03 13:15:22'),
(300, 51, '66.249.67.133', 'unknow', 'unknow', '2012-07-03 13:15:31'),
(301, 37, '66.249.67.133', 'unknow', 'unknow', '2012-07-03 13:15:41'),
(302, 20, '66.249.67.133', 'unknow', 'unknow', '2012-07-03 13:15:51'),
(303, 59, '66.249.67.133', 'unknow', 'unknow', '2012-07-03 13:16:00'),
(304, 11, '66.249.67.133', 'unknow', 'unknow', '2012-07-03 13:16:10'),
(305, 29, '66.249.67.133', 'unknow', 'unknow', '2012-07-03 13:16:19'),
(306, 62, '66.249.67.133', 'unknow', 'unknow', '2012-07-03 13:16:29'),
(307, 25, '66.249.67.133', 'unknow', 'unknow', '2012-07-03 13:16:39'),
(308, 44, '66.249.67.133', 'unknow', 'unknow', '2012-07-03 13:16:48'),
(309, 32, '66.249.67.133', 'unknow', 'unknow', '2012-07-03 13:16:58'),
(310, 48, '66.249.67.133', 'unknow', 'unknow', '2012-07-03 13:17:08'),
(311, 10, '66.249.67.133', 'unknow', 'unknow', '2012-07-03 13:17:17'),
(312, 61, '66.249.67.133', 'unknow', 'unknow', '2012-07-03 13:17:27'),
(313, 33, '66.249.67.133', 'unknow', 'unknow', '2012-07-03 13:17:37'),
(314, 28, '66.249.67.133', 'unknow', 'unknow', '2012-07-03 13:17:46'),
(315, 27, '66.249.67.133', 'unknow', 'unknow', '2012-07-03 13:17:56'),
(316, 58, '66.249.67.133', 'unknow', 'unknow', '2012-07-03 13:18:06'),
(317, 23, '66.249.67.133', 'unknow', 'unknow', '2012-07-03 13:18:15'),
(318, 34, '66.249.67.133', 'unknow', 'unknow', '2012-07-03 13:18:25'),
(319, 39, '66.249.67.133', 'unknow', 'unknow', '2012-07-03 13:18:34'),
(320, 13, '66.249.67.133', 'unknow', 'unknow', '2012-07-03 13:18:44'),
(321, 26, '66.249.67.133', 'unknow', 'unknow', '2012-07-03 13:18:54'),
(322, 36, '66.249.67.133', 'unknow', 'unknow', '2012-07-03 13:19:04'),
(323, 47, '66.249.67.133', 'unknow', 'unknow', '2012-07-03 13:19:13'),
(324, 55, '66.249.67.133', 'unknow', 'unknow', '2012-07-03 13:19:23'),
(325, 14, '66.249.67.133', 'unknow', 'unknow', '2012-07-03 13:19:33'),
(326, 17, '66.249.67.133', 'unknow', 'unknow', '2012-07-03 13:19:42'),
(327, 35, '66.249.67.133', 'unknow', 'unknow', '2012-07-03 13:19:52'),
(328, 43, '66.249.67.133', 'unknow', 'unknow', '2012-07-03 13:20:01'),
(329, 42, '66.249.67.133', 'unknow', 'unknow', '2012-07-03 13:20:11'),
(330, 22, '66.249.67.133', 'unknow', 'unknow', '2012-07-03 13:20:20'),
(331, 57, '66.249.67.133', 'unknow', 'unknow', '2012-07-03 13:20:30'),
(332, 40, '66.249.67.133', 'unknow', 'unknow', '2012-07-03 13:20:40'),
(333, 24, '66.249.67.133', 'unknow', 'unknow', '2012-07-03 13:20:50'),
(334, 18, '66.249.67.133', 'unknow', 'unknow', '2012-07-03 13:20:59'),
(335, 16, '66.249.67.133', 'unknow', 'unknow', '2012-07-03 13:21:09'),
(336, 21, '66.249.67.133', 'unknow', 'unknow', '2012-07-03 13:21:18'),
(337, 15, '66.249.67.133', 'unknow', 'unknow', '2012-07-03 13:21:28'),
(338, 31, '66.249.67.133', 'unknow', 'unknow', '2012-07-03 13:21:38'),
(339, 19, '66.249.67.133', 'unknow', 'unknow', '2012-07-03 13:21:47'),
(340, 12, '66.249.67.133', 'unknow', 'unknow', '2012-07-03 13:21:57'),
(341, 38, '66.249.67.133', 'unknow', 'unknow', '2012-07-03 13:22:06'),
(342, 60, '66.249.67.133', 'unknow', 'unknow', '2012-07-03 13:22:16'),
(343, 50, '66.249.67.133', 'unknow', 'unknow', '2012-07-03 13:22:26'),
(344, 8, '66.249.67.133', 'unknow', 'unknow', '2012-07-03 13:51:02'),
(345, 5, '66.249.67.133', 'unknow', 'unknow', '2012-07-03 13:52:11'),
(346, 6, '66.249.67.133', 'unknow', 'unknow', '2012-07-03 13:53:21'),
(347, 7, '66.249.67.133', 'unknow', 'unknow', '2012-07-03 13:54:32'),
(348, 34, '66.249.68.169', 'unknow', 'unknow', '2012-07-03 17:45:51'),
(349, 35, '66.249.68.169', 'unknow', 'unknow', '2012-07-03 18:05:07'),
(350, 36, '66.249.68.169', 'unknow', 'unknow', '2012-07-03 18:21:24'),
(351, 37, '66.249.68.169', 'unknow', 'unknow', '2012-07-03 18:40:01'),
(352, 38, '66.249.68.169', 'unknow', 'unknow', '2012-07-03 18:59:08'),
(353, 37, '66.249.66.141', 'unknow', 'unknow', '2012-07-03 22:41:17'),
(354, 41, '66.249.66.141', 'unknow', 'unknow', '2012-07-03 22:42:43'),
(355, 39, '66.249.71.233', 'unknow', 'unknow', '2012-07-03 22:44:38'),
(356, 40, '66.249.66.141', 'unknow', 'unknow', '2012-07-03 22:46:30'),
(357, 38, '66.249.66.141', 'unknow', 'unknow', '2012-07-03 22:48:23'),
(358, 39, '66.249.66.215', 'unknow', 'unknow', '2012-07-03 23:57:15'),
(359, 40, '66.249.66.215', 'unknow', 'unknow', '2012-07-04 00:14:38'),
(360, 41, '66.249.71.152', 'unknow', 'unknow', '2012-07-04 00:28:24'),
(361, 42, '66.249.71.152', 'unknow', 'unknow', '2012-07-04 00:53:20'),
(362, 43, '66.249.71.152', 'unknow', 'unknow', '2012-07-04 05:58:39'),
(363, 44, '66.249.66.215', 'unknow', 'unknow', '2012-07-04 06:14:24'),
(364, 45, '66.249.66.215', 'unknow', 'unknow', '2012-07-04 06:27:21'),
(365, 46, '66.249.66.215', 'unknow', 'unknow', '2012-07-04 06:40:56'),
(366, 47, '66.249.66.215', 'unknow', 'unknow', '2012-07-04 11:53:39'),
(367, 48, '66.249.66.215', 'unknow', 'unknow', '2012-07-04 12:13:53'),
(368, 49, '66.249.71.152', 'unknow', 'unknow', '2012-07-04 12:35:52'),
(369, 50, '66.249.66.215', 'unknow', 'unknow', '2012-07-04 12:56:08'),
(370, 52, '66.249.66.215', 'unknow', 'unknow', '2012-07-04 18:07:26'),
(371, 51, '66.249.66.215', 'unknow', 'unknow', '2012-07-04 18:26:30'),
(372, 53, '66.249.71.152', 'unknow', 'unknow', '2012-07-04 18:49:12'),
(373, 54, '66.249.66.215', 'unknow', 'unknow', '2012-07-04 19:09:03'),
(374, 55, '66.249.66.215', 'unknow', 'unknow', '2012-07-04 19:28:07'),
(375, 56, '66.249.71.152', 'unknow', 'unknow', '2012-07-05 00:20:27'),
(376, 57, '66.249.68.169', 'unknow', 'unknow', '2012-07-05 00:38:26'),
(377, 58, '66.249.68.169', 'unknow', 'unknow', '2012-07-05 01:00:02'),
(378, 59, '66.249.68.169', 'unknow', 'unknow', '2012-07-05 01:23:00'),
(379, 60, '66.249.68.169', 'unknow', 'unknow', '2012-07-05 06:19:04'),
(380, 61, '66.249.68.169', 'unknow', 'unknow', '2012-07-05 06:38:23'),
(381, 62, '66.249.68.169', 'unknow', 'unknow', '2012-07-05 07:01:44'),
(382, 9, '66.249.68.169', 'unknow', 'unknow', '2012-07-05 07:20:45'),
(383, 42, '66.249.67.151', 'unknow', 'unknow', '2012-07-05 10:42:40'),
(384, 32, '66.249.67.151', 'unknow', 'unknow', '2012-07-05 10:44:17'),
(385, 34, '66.249.67.151', 'unknow', 'unknow', '2012-07-05 10:46:04'),
(386, 33, '66.249.67.151', 'unknow', 'unknow', '2012-07-05 10:47:49'),
(387, 35, '66.249.67.151', 'unknow', 'unknow', '2012-07-05 10:49:31'),
(388, 36, '66.249.67.151', 'unknow', 'unknow', '2012-07-05 10:51:26'),
(389, 37, '220.181.108.172', 'unknow', 'unknow', '2012-07-07 12:48:54'),
(390, 57, '220.181.108.79', 'unknow', 'unknow', '2012-07-07 12:48:59'),
(391, 15, '220.181.108.180', 'unknow', 'unknow', '2012-07-07 12:49:04'),
(392, 58, '220.181.108.99', 'unknow', 'unknow', '2012-07-07 12:49:18'),
(393, 54, '220.181.108.172', 'unknow', 'unknow', '2012-07-07 12:49:20'),
(394, 60, '220.181.108.177', 'unknow', 'unknow', '2012-07-07 12:49:40'),
(395, 47, '220.181.108.185', 'unknow', 'unknow', '2012-07-07 12:49:42'),
(396, 33, '220.181.108.82', 'unknow', 'unknow', '2012-07-07 12:49:51'),
(397, 16, '220.181.108.158', 'unknow', 'unknow', '2012-07-07 12:49:51'),
(398, 24, '220.181.108.91', 'unknow', 'unknow', '2012-07-07 12:49:59'),
(399, 59, '220.181.108.103', 'unknow', 'unknow', '2012-07-07 12:50:14'),
(400, 17, '220.181.108.148', 'unknow', 'unknow', '2012-07-07 12:50:25'),
(401, 12, '220.181.108.182', 'unknow', 'unknow', '2012-07-07 12:50:31'),
(402, 23, '220.181.108.102', 'unknow', 'unknow', '2012-07-07 12:50:34'),
(403, 39, '220.181.108.110', 'unknow', 'unknow', '2012-07-07 12:50:36'),
(404, 10, '220.181.108.159', 'unknow', 'unknow', '2012-07-07 12:50:47'),
(405, 46, '220.181.108.84', 'unknow', 'unknow', '2012-07-07 12:50:50'),
(406, 22, '220.181.108.112', 'unknow', 'unknow', '2012-07-07 12:50:58'),
(407, 31, '220.181.108.104', 'unknow', 'unknow', '2012-07-07 12:51:11'),
(408, 55, '220.181.108.167', 'unknow', 'unknow', '2012-07-07 12:51:35'),
(409, 30, '220.181.108.103', 'unknow', 'unknow', '2012-07-07 12:51:45'),
(410, 44, '220.181.108.140', 'unknow', 'unknow', '2012-07-07 12:52:12'),
(411, 53, '220.181.108.171', 'unknow', 'unknow', '2012-07-07 12:52:17'),
(412, 35, '220.181.108.163', 'unknow', 'unknow', '2012-07-07 12:52:28'),
(413, 29, '220.181.108.153', 'unknow', 'unknow', '2012-07-07 12:52:30'),
(414, 20, '220.181.108.187', 'unknow', 'unknow', '2012-07-07 12:52:39'),
(415, 18, '220.181.108.141', 'unknow', 'unknow', '2012-07-07 12:53:01'),
(416, 52, '220.181.108.120', 'unknow', 'unknow', '2012-07-07 12:53:09'),
(417, 27, '220.181.108.110', 'unknow', 'unknow', '2012-07-07 12:53:32'),
(418, 13, '220.181.108.166', 'unknow', 'unknow', '2012-07-07 12:53:40'),
(419, 62, '220.181.108.158', 'unknow', 'unknow', '2012-07-07 12:53:44'),
(420, 21, '220.181.108.170', 'unknow', 'unknow', '2012-07-07 12:53:51'),
(421, 34, '220.181.108.175', 'unknow', 'unknow', '2012-07-07 12:54:04'),
(422, 9, '220.181.108.155', 'unknow', 'unknow', '2012-07-07 12:54:14'),
(423, 25, '220.181.108.186', 'unknow', 'unknow', '2012-07-07 12:54:19'),
(424, 42, '220.181.108.116', 'unknow', 'unknow', '2012-07-07 12:54:27'),
(425, 50, '220.181.108.89', 'unknow', 'unknow', '2012-07-07 12:54:34'),
(426, 26, '220.181.108.145', 'unknow', 'unknow', '2012-07-07 12:54:46'),
(427, 32, '220.181.108.100', 'unknow', 'unknow', '2012-07-07 12:54:54'),
(428, 40, '220.181.108.185', 'unknow', 'unknow', '2012-07-07 12:55:00'),
(429, 48, '220.181.108.153', 'unknow', 'unknow', '2012-07-07 12:55:18'),
(430, 41, '220.181.108.86', 'unknow', 'unknow', '2012-07-07 12:55:20'),
(431, 19, '220.181.108.139', 'unknow', 'unknow', '2012-07-07 12:55:29'),
(432, 14, '220.181.108.96', 'unknow', 'unknow', '2012-07-07 12:55:40'),
(433, 11, '220.181.108.165', 'unknow', 'unknow', '2012-07-07 12:55:56'),
(434, 61, '220.181.108.143', 'unknow', 'unknow', '2012-07-07 12:55:58'),
(435, 56, '220.181.108.76', 'unknow', 'unknow', '2012-07-07 12:56:08'),
(436, 49, '220.181.108.178', 'unknow', 'unknow', '2012-07-07 12:56:18'),
(437, 45, '220.181.108.96', 'unknow', 'unknow', '2012-07-07 12:56:20'),
(438, 43, '220.181.108.167', 'unknow', 'unknow', '2012-07-07 12:56:25'),
(439, 38, '220.181.108.170', 'unknow', 'unknow', '2012-07-07 12:56:36'),
(440, 36, '220.181.108.102', 'unknow', 'unknow', '2012-07-07 12:56:38'),
(441, 51, '220.181.108.99', 'unknow', 'unknow', '2012-07-07 12:56:52'),
(442, 28, '220.181.108.186', 'unknow', 'unknow', '2012-07-07 12:57:04'),
(443, 8, '220.181.108.90', 'unknow', 'unknow', '2012-07-07 12:57:11'),
(444, 7, '220.181.108.169', 'unknow', 'unknow', '2012-07-07 12:57:15'),
(445, 6, '220.181.108.97', 'unknow', 'unknow', '2012-07-07 12:57:21'),
(446, 5, '220.181.108.144', 'unknow', 'unknow', '2012-07-07 12:57:25');

-- --------------------------------------------------------

--
-- 表的结构 `app_imgs`
--

CREATE TABLE IF NOT EXISTS `app_imgs` (
  `id` bigint(20) NOT NULL AUTO_INCREMENT,
  `app_id` int(11) NOT NULL,
  `img_path` varchar(255) NOT NULL,
  `created_at` datetime DEFAULT NULL,
  PRIMARY KEY (`id`)
) ENGINE=MyISAM  DEFAULT CHARSET=utf8 AUTO_INCREMENT=249 ;

--
-- 转存表中的数据 `app_imgs`
--

INSERT INTO `app_imgs` (`id`, `app_id`, `img_path`, `created_at`) VALUES
(6, 9, '/upload/android/imgs/20120626112329493.jpg', '2012-06-26 11:23:29'),
(7, 9, '/upload/android/imgs/20120626112329495.jpg', '2012-06-26 11:23:29'),
(8, 9, '/upload/android/imgs/20120626112329496.jpg', '2012-06-26 11:23:29'),
(9, 10, '/upload/android/imgs/20120627120254888.jpg', '2012-06-27 12:02:54'),
(10, 10, '/upload/android/imgs/20120627120254891.jpg', '2012-06-27 12:02:54'),
(11, 10, '/upload/android/imgs/20120627120254893.jpg', '2012-06-27 12:02:54'),
(12, 10, '/upload/android/imgs/20120627120254895.jpg', '2012-06-27 12:02:54'),
(13, 12, '/upload/android/imgs/20120627124812588.jpg', '2012-06-27 12:48:12'),
(14, 12, '/upload/android/imgs/20120627124812591.jpg', '2012-06-27 12:48:12'),
(15, 12, '/upload/android/imgs/20120627124812593.jpg', '2012-06-27 12:48:12'),
(16, 12, '/upload/android/imgs/20120627124812595.jpg', '2012-06-27 12:48:12'),
(17, 12, '/upload/android/imgs/20120627124812597.jpg', '2012-06-27 12:48:12'),
(18, 13, '/upload/android/imgs/20120627125858668.jpg', '2012-06-27 12:58:58'),
(19, 13, '/upload/android/imgs/20120627125858679.jpg', '2012-06-27 12:58:58'),
(20, 13, '/upload/android/imgs/20120627125858681.jpg', '2012-06-27 12:58:58'),
(21, 13, '/upload/android/imgs/20120627125858682.jpg', '2012-06-27 12:58:58'),
(22, 13, '/upload/android/imgs/20120627125858684.jpg', '2012-06-27 12:58:58'),
(23, 13, '/upload/android/imgs/20120627125858686.jpg', '2012-06-27 12:58:58'),
(24, 14, '/upload/android/imgs/20120627011622106.jpg', '2012-06-27 01:16:22'),
(25, 14, '/upload/android/imgs/20120627011622108.jpg', '2012-06-27 01:16:22'),
(26, 14, '/upload/android/imgs/20120627011622111.jpg', '2012-06-27 01:16:22'),
(27, 14, '/upload/android/imgs/20120627011622112.jpg', '2012-06-27 01:16:22'),
(28, 14, '/upload/android/imgs/20120627011622114.jpg', '2012-06-27 01:16:22'),
(29, 15, '/upload/android/imgs/20120627083121777.jpg', '2012-06-27 08:31:21'),
(30, 15, '/upload/android/imgs/20120627083121788.jpg', '2012-06-27 08:31:21'),
(31, 15, '/upload/android/imgs/20120627083121790.jpg', '2012-06-27 08:31:21'),
(32, 16, '/upload/android/imgs/201206270845169.jpg', '2012-06-27 08:45:16'),
(33, 16, '/upload/android/imgs/2012062708451611.jpg', '2012-06-27 08:45:16'),
(34, 16, '/upload/android/imgs/2012062708451613.jpg', '2012-06-27 08:45:16'),
(35, 16, '/upload/android/imgs/2012062708451622.jpg', '2012-06-27 08:45:16'),
(36, 16, '/upload/android/imgs/2012062708451624.jpg', '2012-06-27 08:45:16'),
(37, 17, '/upload/android/imgs/20120627085740212.jpg', '2012-06-27 08:57:40'),
(38, 17, '/upload/android/imgs/20120627085740215.jpg', '2012-06-27 08:57:40'),
(39, 17, '/upload/android/imgs/20120627085740217.jpg', '2012-06-27 08:57:40'),
(40, 17, '/upload/android/imgs/20120627085740219.jpg', '2012-06-27 08:57:40'),
(41, 19, '/upload/android/imgs/20120627094933488.jpg', '2012-06-27 09:49:33'),
(42, 19, '/upload/android/imgs/20120627094933498.jpg', '2012-06-27 09:49:33'),
(43, 19, '/upload/android/imgs/20120627094933499.jpg', '2012-06-27 09:49:33'),
(44, 19, '/upload/android/imgs/20120627094933501.jpg', '2012-06-27 09:49:33'),
(45, 19, '/upload/android/imgs/20120627094933502.jpg', '2012-06-27 09:49:33'),
(46, 20, '/upload/android/imgs/20120627100818940.jpg', '2012-06-27 10:08:18'),
(47, 20, '/upload/android/imgs/20120627100818955.jpg', '2012-06-27 10:08:18'),
(48, 20, '/upload/android/imgs/20120627100818957.jpg', '2012-06-27 10:08:18'),
(49, 20, '/upload/android/imgs/20120627100818959.jpg', '2012-06-27 10:08:18'),
(50, 20, '/upload/android/imgs/20120627100818960.jpg', '2012-06-27 10:08:18'),
(51, 21, '/upload/android/imgs/20120627102017117.jpg', '2012-06-27 10:20:17'),
(52, 21, '/upload/android/imgs/20120627102017119.jpg', '2012-06-27 10:20:17'),
(53, 21, '/upload/android/imgs/20120627102017121.jpg', '2012-06-27 10:20:17'),
(54, 21, '/upload/android/imgs/20120627102017122.jpg', '2012-06-27 10:20:17'),
(55, 21, '/upload/android/imgs/20120627102017124.jpg', '2012-06-27 10:20:17'),
(56, 21, '/upload/android/imgs/20120627102017125.jpg', '2012-06-27 10:20:17'),
(57, 18, '/upload/android/imgs/20120627102612449.jpg', '2012-06-27 10:26:12'),
(58, 18, '/upload/android/imgs/20120627102612451.jpg', '2012-06-27 10:26:12'),
(59, 18, '/upload/android/imgs/20120627102612452.jpg', '2012-06-27 10:26:12'),
(60, 18, '/upload/android/imgs/20120627102612460.jpg', '2012-06-27 10:26:12'),
(61, 18, '/upload/android/imgs/20120627102612462.jpg', '2012-06-27 10:26:12'),
(62, 22, '/upload/android/imgs/20120627104023955.jpg', '2012-06-27 10:40:23'),
(63, 22, '/upload/android/imgs/20120627104023958.jpg', '2012-06-27 10:40:23'),
(64, 22, '/upload/android/imgs/20120627104023960.jpg', '2012-06-27 10:40:23'),
(65, 22, '/upload/android/imgs/20120627104023970.jpg', '2012-06-27 10:40:23'),
(66, 22, '/upload/android/imgs/20120627104023971.jpg', '2012-06-27 10:40:23'),
(67, 23, '/upload/android/imgs/20120627110503540.jpg', '2012-06-27 11:05:03'),
(68, 23, '/upload/android/imgs/20120627110503543.jpg', '2012-06-27 11:05:03'),
(69, 23, '/upload/android/imgs/20120627110503545.jpg', '2012-06-27 11:05:03'),
(70, 24, '/upload/android/imgs/20120627111240120.jpg', '2012-06-27 11:12:40'),
(71, 24, '/upload/android/imgs/20120627111240122.jpg', '2012-06-27 11:12:40'),
(72, 24, '/upload/android/imgs/20120627111240124.jpg', '2012-06-27 11:12:40'),
(73, 24, '/upload/android/imgs/20120627111240125.jpg', '2012-06-27 11:12:40'),
(74, 25, '/upload/android/imgs/20120627112600750.png', '2012-06-27 11:26:00'),
(75, 25, '/upload/android/imgs/20120627112600753.png', '2012-06-27 11:26:00'),
(76, 25, '/upload/android/imgs/20120627112600754.png', '2012-06-27 11:26:00'),
(77, 25, '/upload/android/imgs/20120627112600756.png', '2012-06-27 11:26:00'),
(78, 26, '/upload/android/imgs/20120627114150465.jpg', '2012-06-27 11:41:50'),
(79, 26, '/upload/android/imgs/20120627114150474.jpg', '2012-06-27 11:41:50'),
(80, 26, '/upload/android/imgs/20120627114150476.jpg', '2012-06-27 11:41:50'),
(81, 26, '/upload/android/imgs/20120627114150478.jpg', '2012-06-27 11:41:50'),
(82, 11, '/upload/android/imgs/20120627114638472.jpg', '2012-06-27 11:46:38'),
(83, 11, '/upload/android/imgs/20120627114638481.jpg', '2012-06-27 11:46:38'),
(84, 11, '/upload/android/imgs/20120627114638483.jpg', '2012-06-27 11:46:38'),
(85, 27, '/upload/android/imgs/20120627115446516.jpg', '2012-06-27 11:54:46'),
(86, 27, '/upload/android/imgs/20120627115446518.jpg', '2012-06-27 11:54:46'),
(87, 27, '/upload/android/imgs/20120627115446520.jpg', '2012-06-27 11:54:46'),
(88, 27, '/upload/android/imgs/20120627115446521.jpg', '2012-06-27 11:54:46'),
(89, 27, '/upload/android/imgs/20120627115446523.jpg', '2012-06-27 11:54:46'),
(90, 28, '/upload/android/imgs/2012062812021666.png', '2012-06-28 12:02:16'),
(91, 28, '/upload/android/imgs/2012062812021668.png', '2012-06-28 12:02:16'),
(92, 28, '/upload/android/imgs/2012062812021669.png', '2012-06-28 12:02:16'),
(93, 29, '/upload/android/imgs/20120628120845817.jpg', '2012-06-28 12:08:45'),
(94, 29, '/upload/android/imgs/20120628120845819.jpg', '2012-06-28 12:08:45'),
(95, 29, '/upload/android/imgs/20120628120845821.jpg', '2012-06-28 12:08:45'),
(96, 30, '/upload/android/imgs/20120628121604300.jpg', '2012-06-28 12:16:04'),
(97, 30, '/upload/android/imgs/20120628121604303.jpg', '2012-06-28 12:16:04'),
(98, 30, '/upload/android/imgs/20120628121604305.jpg', '2012-06-28 12:16:04'),
(99, 30, '/upload/android/imgs/20120628121604307.jpg', '2012-06-28 12:16:04'),
(100, 30, '/upload/android/imgs/20120628121604312.jpg', '2012-06-28 12:16:04'),
(101, 31, '/upload/android/imgs/20120628122351898.png', '2012-06-28 12:23:51'),
(102, 31, '/upload/android/imgs/20120628122351900.png', '2012-06-28 12:23:51'),
(103, 31, '/upload/android/imgs/20120628122351901.png', '2012-06-28 12:23:51'),
(104, 31, '/upload/android/imgs/20120628122351903.png', '2012-06-28 12:23:51'),
(105, 31, '/upload/android/imgs/20120628122351905.jpg', '2012-06-28 12:23:51'),
(106, 31, '/upload/android/imgs/20120628122351910.jpg', '2012-06-28 12:23:51'),
(107, 32, '/upload/android/imgs/20120628112945424.jpg', '2012-06-28 11:29:45'),
(108, 32, '/upload/android/imgs/20120628112945426.jpg', '2012-06-28 11:29:45'),
(109, 32, '/upload/android/imgs/20120628112945428.jpg', '2012-06-28 11:29:45'),
(110, 32, '/upload/android/imgs/20120628112945430.jpg', '2012-06-28 11:29:45'),
(111, 32, '/upload/android/imgs/20120628112945432.jpg', '2012-06-28 11:29:45'),
(112, 33, '/upload/android/imgs/20120628113402880.jpg', '2012-06-28 11:34:02'),
(113, 33, '/upload/android/imgs/20120628113402881.jpg', '2012-06-28 11:34:02'),
(114, 33, '/upload/android/imgs/20120628113402884.jpg', '2012-06-28 11:34:02'),
(115, 33, '/upload/android/imgs/20120628113402885.jpg', '2012-06-28 11:34:02'),
(116, 33, '/upload/android/imgs/20120628113402887.jpg', '2012-06-28 11:34:02'),
(117, 34, '/upload/android/imgs/20120628113641871.jpg', '2012-06-28 11:36:41'),
(118, 34, '/upload/android/imgs/20120628113641874.jpg', '2012-06-28 11:36:41'),
(119, 34, '/upload/android/imgs/20120628113641875.jpg', '2012-06-28 11:36:41'),
(120, 34, '/upload/android/imgs/20120628113641877.jpg', '2012-06-28 11:36:41'),
(121, 35, '/upload/android/imgs/20120628113954954.jpg', '2012-06-28 11:39:54'),
(122, 35, '/upload/android/imgs/20120628113954956.jpg', '2012-06-28 11:39:54'),
(123, 35, '/upload/android/imgs/20120628113954957.jpg', '2012-06-28 11:39:54'),
(124, 35, '/upload/android/imgs/20120628113954959.jpg', '2012-06-28 11:39:54'),
(125, 35, '/upload/android/imgs/20120628113954961.jpg', '2012-06-28 11:39:54'),
(126, 36, '/upload/android/imgs/20120628114158814.jpg', '2012-06-28 11:41:58'),
(127, 36, '/upload/android/imgs/20120628114158817.jpg', '2012-06-28 11:41:58'),
(128, 36, '/upload/android/imgs/20120628114158819.jpg', '2012-06-28 11:41:58'),
(129, 36, '/upload/android/imgs/20120628114158820.jpg', '2012-06-28 11:41:58'),
(130, 36, '/upload/android/imgs/20120628114158822.jpg', '2012-06-28 11:41:58'),
(131, 37, '/upload/android/imgs/20120628114903233.png', '2012-06-28 11:49:03'),
(132, 37, '/upload/android/imgs/20120628114903244.png', '2012-06-28 11:49:03'),
(133, 37, '/upload/android/imgs/20120628114903246.png', '2012-06-28 11:49:03'),
(134, 37, '/upload/android/imgs/20120628114903247.png', '2012-06-28 11:49:03'),
(135, 37, '/upload/android/imgs/20120628114903249.png', '2012-06-28 11:49:03'),
(136, 38, '/upload/android/imgs/20120628115532965.jpg', '2012-06-28 11:55:32'),
(137, 38, '/upload/android/imgs/20120628115532967.jpg', '2012-06-28 11:55:32'),
(138, 38, '/upload/android/imgs/20120628115532968.jpg', '2012-06-28 11:55:32'),
(139, 38, '/upload/android/imgs/20120628115532981.jpg', '2012-06-28 11:55:32'),
(140, 38, '/upload/android/imgs/20120628115532982.jpg', '2012-06-28 11:55:32'),
(141, 39, '/upload/android/imgs/20120628115813399.jpg', '2012-06-28 11:58:13'),
(142, 39, '/upload/android/imgs/20120628115813402.jpg', '2012-06-28 11:58:13'),
(143, 39, '/upload/android/imgs/20120628115813403.jpg', '2012-06-28 11:58:13'),
(144, 39, '/upload/android/imgs/20120628115813405.jpg', '2012-06-28 11:58:13'),
(145, 39, '/upload/android/imgs/20120628115813407.jpg', '2012-06-28 11:58:13'),
(146, 40, '/upload/android/imgs/20120629120045979.jpg', '2012-06-29 12:00:45'),
(147, 40, '/upload/android/imgs/20120629120045981.jpg', '2012-06-29 12:00:45'),
(148, 40, '/upload/android/imgs/20120629120045984.jpg', '2012-06-29 12:00:45'),
(149, 41, '/upload/android/imgs/20120629120322598.png', '2012-06-29 12:03:22'),
(150, 41, '/upload/android/imgs/20120629120322600.png', '2012-06-29 12:03:22'),
(151, 41, '/upload/android/imgs/20120629120322602.png', '2012-06-29 12:03:22'),
(152, 42, '/upload/android/imgs/20120629120607156.jpg', '2012-06-29 12:06:07'),
(153, 42, '/upload/android/imgs/20120629120607159.jpg', '2012-06-29 12:06:07'),
(154, 42, '/upload/android/imgs/20120629120607160.jpg', '2012-06-29 12:06:07'),
(155, 42, '/upload/android/imgs/20120629120607162.jpg', '2012-06-29 12:06:07'),
(156, 42, '/upload/android/imgs/20120629120607164.jpg', '2012-06-29 12:06:07'),
(157, 43, '/upload/android/imgs/20120629120912390.png', '2012-06-29 12:09:12'),
(158, 43, '/upload/android/imgs/20120629120912393.png', '2012-06-29 12:09:12'),
(159, 43, '/upload/android/imgs/20120629120912404.png', '2012-06-29 12:09:12'),
(160, 43, '/upload/android/imgs/20120629120912407.png', '2012-06-29 12:09:12'),
(161, 43, '/upload/android/imgs/20120629120912409.png', '2012-06-29 12:09:12'),
(162, 44, '/upload/android/imgs/20120629121028235.jpg', '2012-06-29 12:10:28'),
(163, 44, '/upload/android/imgs/20120629121028238.jpg', '2012-06-29 12:10:28'),
(164, 45, '/upload/android/imgs/20120629121304675.jpg', '2012-06-29 12:13:04'),
(165, 45, '/upload/android/imgs/20120629121304677.jpg', '2012-06-29 12:13:04'),
(166, 45, '/upload/android/imgs/20120629121304679.jpg', '2012-06-29 12:13:04'),
(167, 45, '/upload/android/imgs/20120629121304680.jpg', '2012-06-29 12:13:04'),
(168, 45, '/upload/android/imgs/20120629121304682.jpg', '2012-06-29 12:13:04'),
(169, 46, '/upload/android/imgs/20120629121454251.jpg', '2012-06-29 12:14:54'),
(170, 46, '/upload/android/imgs/20120629121454253.jpg', '2012-06-29 12:14:54'),
(171, 46, '/upload/android/imgs/20120629121454254.jpg', '2012-06-29 12:14:54'),
(172, 46, '/upload/android/imgs/20120629121454256.jpg', '2012-06-29 12:14:54'),
(173, 46, '/upload/android/imgs/20120629121454264.jpg', '2012-06-29 12:14:54'),
(174, 47, '/upload/android/imgs/20120629121851978.jpg', '2012-06-29 12:18:51'),
(175, 47, '/upload/android/imgs/20120629121851980.jpg', '2012-06-29 12:18:51'),
(176, 47, '/upload/android/imgs/20120629121851981.jpg', '2012-06-29 12:18:51'),
(177, 47, '/upload/android/imgs/20120629121851983.jpg', '2012-06-29 12:18:51'),
(178, 47, '/upload/android/imgs/20120629121851984.jpg', '2012-06-29 12:18:51'),
(179, 48, '/upload/android/imgs/20120629122154230.jpg', '2012-06-29 12:21:54'),
(180, 48, '/upload/android/imgs/20120629122154232.jpg', '2012-06-29 12:21:54'),
(181, 48, '/upload/android/imgs/20120629122154234.jpg', '2012-06-29 12:21:54'),
(182, 48, '/upload/android/imgs/20120629122154235.jpg', '2012-06-29 12:21:54'),
(183, 48, '/upload/android/imgs/20120629122154236.jpg', '2012-06-29 12:21:54'),
(184, 49, '/upload/android/imgs/20120629122239862.jpg', '2012-06-29 12:22:39'),
(185, 49, '/upload/android/imgs/20120629122239872.jpg', '2012-06-29 12:22:39'),
(186, 49, '/upload/android/imgs/20120629122239873.jpg', '2012-06-29 12:22:39'),
(187, 49, '/upload/android/imgs/20120629122239875.jpg', '2012-06-29 12:22:39'),
(188, 49, '/upload/android/imgs/20120629122239877.jpg', '2012-06-29 12:22:39'),
(189, 50, '/upload/android/imgs/2012062912241823.jpg', '2012-06-29 12:24:18'),
(190, 50, '/upload/android/imgs/2012062912241825.jpg', '2012-06-29 12:24:18'),
(191, 50, '/upload/android/imgs/2012062912241827.jpg', '2012-06-29 12:24:18'),
(192, 50, '/upload/android/imgs/2012062912241829.jpg', '2012-06-29 12:24:18'),
(193, 50, '/upload/android/imgs/2012062912241831.jpg', '2012-06-29 12:24:18'),
(194, 51, '/upload/android/imgs/20120629122948950.jpg', '2012-06-29 12:29:48'),
(195, 51, '/upload/android/imgs/20120629122948952.jpg', '2012-06-29 12:29:48'),
(196, 51, '/upload/android/imgs/20120629122948960.jpg', '2012-06-29 12:29:48'),
(197, 51, '/upload/android/imgs/20120629122948962.jpg', '2012-06-29 12:29:48'),
(198, 51, '/upload/android/imgs/20120629122948964.jpg', '2012-06-29 12:29:48'),
(199, 52, '/upload/android/imgs/20120629123239846.jpg', '2012-06-29 12:32:39'),
(200, 52, '/upload/android/imgs/20120629123239849.jpg', '2012-06-29 12:32:39'),
(201, 52, '/upload/android/imgs/20120629123239851.jpg', '2012-06-29 12:32:39'),
(202, 52, '/upload/android/imgs/20120629123239852.jpg', '2012-06-29 12:32:39'),
(203, 52, '/upload/android/imgs/20120629123239854.jpg', '2012-06-29 12:32:39'),
(204, 53, '/upload/android/imgs/20120629123651242.jpg', '2012-06-29 12:36:51'),
(205, 53, '/upload/android/imgs/20120629123651245.jpg', '2012-06-29 12:36:51'),
(206, 53, '/upload/android/imgs/20120629123651247.jpg', '2012-06-29 12:36:51'),
(207, 53, '/upload/android/imgs/20120629123651249.jpg', '2012-06-29 12:36:51'),
(208, 54, '/upload/android/imgs/20120629123922890.jpg', '2012-06-29 12:39:22'),
(209, 54, '/upload/android/imgs/20120629123922893.jpg', '2012-06-29 12:39:22'),
(210, 54, '/upload/android/imgs/20120629123922895.jpg', '2012-06-29 12:39:22'),
(211, 54, '/upload/android/imgs/20120629123922897.jpg', '2012-06-29 12:39:22'),
(212, 54, '/upload/android/imgs/20120629123922899.jpg', '2012-06-29 12:39:22'),
(213, 55, '/upload/android/imgs/20120629124311527.jpg', '2012-06-29 12:43:11'),
(214, 55, '/upload/android/imgs/20120629124311536.jpg', '2012-06-29 12:43:11'),
(215, 55, '/upload/android/imgs/20120629124311538.jpg', '2012-06-29 12:43:11'),
(216, 55, '/upload/android/imgs/20120629124311540.jpg', '2012-06-29 12:43:11'),
(217, 56, '/upload/android/imgs/20120629124426692.jpg', '2012-06-29 12:44:26'),
(218, 56, '/upload/android/imgs/20120629124426695.jpg', '2012-06-29 12:44:26'),
(219, 56, '/upload/android/imgs/20120629124426697.jpg', '2012-06-29 12:44:26'),
(220, 56, '/upload/android/imgs/20120629124426709.jpg', '2012-06-29 12:44:26'),
(221, 57, '/upload/android/imgs/2012062912470522.jpg', '2012-06-29 12:47:05'),
(222, 57, '/upload/android/imgs/2012062912470525.jpg', '2012-06-29 12:47:05'),
(223, 57, '/upload/android/imgs/2012062912470526.jpg', '2012-06-29 12:47:05'),
(224, 57, '/upload/android/imgs/2012062912470528.jpg', '2012-06-29 12:47:05'),
(225, 57, '/upload/android/imgs/2012062912470540.jpg', '2012-06-29 12:47:05'),
(226, 58, '/upload/android/imgs/20120629124817255.jpg', '2012-06-29 12:48:17'),
(227, 58, '/upload/android/imgs/20120629124817258.jpg', '2012-06-29 12:48:17'),
(228, 58, '/upload/android/imgs/20120629124817270.jpg', '2012-06-29 12:48:17'),
(229, 58, '/upload/android/imgs/20120629124817272.jpg', '2012-06-29 12:48:17'),
(230, 59, '/upload/android/imgs/20120629125014603.jpg', '2012-06-29 12:50:14'),
(231, 59, '/upload/android/imgs/20120629125014606.jpg', '2012-06-29 12:50:14'),
(232, 59, '/upload/android/imgs/20120629125014608.jpg', '2012-06-29 12:50:14'),
(233, 59, '/upload/android/imgs/20120629125014633.jpg', '2012-06-29 12:50:14'),
(234, 59, '/upload/android/imgs/20120629125014635.jpg', '2012-06-29 12:50:14'),
(235, 60, '/upload/android/imgs/20120629125206134.png', '2012-06-29 12:52:06'),
(236, 60, '/upload/android/imgs/20120629125206136.png', '2012-06-29 12:52:06'),
(237, 60, '/upload/android/imgs/20120629125206144.png', '2012-06-29 12:52:06'),
(238, 60, '/upload/android/imgs/20120629125206147.png', '2012-06-29 12:52:06'),
(239, 60, '/upload/android/imgs/20120629125206148.png', '2012-06-29 12:52:06'),
(240, 61, '/upload/android/imgs/2012062912533315.jpg', '2012-06-29 12:53:33'),
(241, 61, '/upload/android/imgs/2012062912533324.jpg', '2012-06-29 12:53:33'),
(242, 61, '/upload/android/imgs/2012062912533326.jpg', '2012-06-29 12:53:33'),
(243, 61, '/upload/android/imgs/2012062912533328.jpg', '2012-06-29 12:53:33'),
(244, 62, '/upload/android/imgs/2012062912544076.jpg', '2012-06-29 12:54:40'),
(245, 62, '/upload/android/imgs/2012062912544079.jpg', '2012-06-29 12:54:40'),
(246, 62, '/upload/android/imgs/2012062912544080.jpg', '2012-06-29 12:54:40'),
(247, 62, '/upload/android/imgs/2012062912544082.jpg', '2012-06-29 12:54:40'),
(248, 62, '/upload/android/imgs/2012062912544084.jpg', '2012-06-29 12:54:40');

-- --------------------------------------------------------

--
-- 表的结构 `app_types`
--

CREATE TABLE IF NOT EXISTS `app_types` (
  `id` int(20) NOT NULL AUTO_INCREMENT,
  `type_name` varchar(20) NOT NULL,
  `created_at` datetime DEFAULT NULL,
  PRIMARY KEY (`id`)
) ENGINE=MyISAM  DEFAULT CHARSET=utf8 AUTO_INCREMENT=4 ;

--
-- 转存表中的数据 `app_types`
--

INSERT INTO `app_types` (`id`, `type_name`, `created_at`) VALUES
(1, 'Android', '2012-06-19 16:50:43'),
(2, 'iPhone', '2012-06-19 16:50:43'),
(3, 'iPad', '2012-06-19 16:50:43');

-- --------------------------------------------------------

--
-- 表的结构 `categories`
--

CREATE TABLE IF NOT EXISTS `categories` (
  `id` int(11) NOT NULL AUTO_INCREMENT,
  `type_name` varchar(20) NOT NULL,
  `name` varchar(20) NOT NULL,
  `english_name` varchar(20) DEFAULT NULL,
  `parent_id` int(11) NOT NULL,
  `icon` varchar(50) DEFAULT NULL,
  `app_count` int(11) DEFAULT NULL,
  `created_at` datetime DEFAULT NULL,
  `updated_at` datetime DEFAULT NULL,
  PRIMARY KEY (`id`)
) ENGINE=MyISAM  DEFAULT CHARSET=utf8 AUTO_INCREMENT=113 ;

--
-- 转存表中的数据 `categories`
--

INSERT INTO `categories` (`id`, `type_name`, `name`, `english_name`, `parent_id`, `icon`, `app_count`, `created_at`, `updated_at`) VALUES
(1, 'android', '应用', 'app', 0, NULL, 0, '2012-06-25 16:52:29', NULL),
(2, 'android', '游戏', 'game', 0, NULL, 0, '2012-06-25 16:52:29', NULL),
(3, 'android', '专题', 'game', 0, NULL, 0, '2012-06-25 16:52:29', NULL),
(11, 'iphone', '应用', 'app', 0, NULL, 0, '2012-06-25 16:52:29', NULL),
(12, 'iphone', '游戏', 'game', 0, NULL, 0, '2012-06-25 16:52:29', NULL),
(13, 'iphone', '专题', 'game', 0, NULL, 0, '2012-06-25 16:52:29', NULL),
(101, 'android', '装机必备', NULL, 1, NULL, 2000, '2012-06-25 16:52:29', NULL),
(102, 'android', '省钱利器', NULL, 1, NULL, 2000, '2012-06-25 16:52:29', NULL),
(103, 'android', '美容护肤', NULL, 1, NULL, 2000, '2012-06-25 16:52:29', NULL),
(104, 'android', '时尚阅读', NULL, 1, NULL, 2000, '2012-06-25 16:52:29', NULL),
(105, 'android', '美食旅游', NULL, 1, NULL, 2000, '2012-06-25 16:52:29', NULL),
(106, 'android', '影音娱乐', NULL, 1, NULL, 2000, '2012-06-25 16:52:29', NULL),
(107, 'android', '便捷工具', NULL, 1, NULL, 2000, '2012-06-25 16:52:29', NULL),
(108, 'android', '棋牌游戏', NULL, 2, NULL, NULL, NULL, NULL),
(109, 'android', '射击飞行', NULL, 2, NULL, NULL, NULL, NULL),
(110, 'android', '益智休闲', NULL, 0, NULL, NULL, NULL, NULL),
(111, 'android', '益智休闲', NULL, 2, NULL, NULL, NULL, NULL),
(112, 'android', '角色扮演', NULL, 2, NULL, NULL, NULL, NULL);

-- --------------------------------------------------------

--
-- 表的结构 `recommend_apps`
--

CREATE TABLE IF NOT EXISTS `recommend_apps` (
  `id` int(11) NOT NULL AUTO_INCREMENT,
  `app_id` bigint(20) NOT NULL,
  `type` varchar(20) NOT NULL,
  `recommend_count` int(11) DEFAULT '0',
  `category_id` int(11) DEFAULT NULL,
  `created_at` datetime DEFAULT NULL,
  PRIMARY KEY (`id`)
) ENGINE=MyISAM  DEFAULT CHARSET=utf8 AUTO_INCREMENT=28 ;

--
-- 转存表中的数据 `recommend_apps`
--

INSERT INTO `recommend_apps` (`id`, `app_id`, `type`, `recommend_count`, `category_id`, `created_at`) VALUES
(5, 9, 'install', 0, NULL, '2012-07-01 23:31:11'),
(6, 10, 'install', 0, NULL, '2012-07-01 23:31:11'),
(7, 11, 'install', 0, NULL, '2012-07-01 23:31:11'),
(8, 12, 'install', 0, NULL, '2012-07-01 23:31:11'),
(9, 13, 'install', 0, NULL, '2012-07-01 23:31:11'),
(10, 14, 'install', 0, NULL, '2012-07-01 23:31:11'),
(11, 15, 'install', 0, NULL, '2012-07-01 23:31:11'),
(12, 16, 'install', 0, NULL, '2012-07-01 23:31:11'),
(13, 17, 'install', 0, NULL, '2012-07-01 23:31:11'),
(14, 18, 'install', 0, NULL, '2012-07-01 23:31:11'),
(15, 19, 'install', 0, NULL, '2012-07-01 23:31:11'),
(16, 20, 'game', 0, NULL, '2012-07-01 23:35:11'),
(17, 21, 'game', 0, NULL, '2012-07-01 23:35:11'),
(18, 22, 'game', 0, NULL, '2012-07-01 23:35:11'),
(19, 23, 'game', 0, NULL, '2012-07-01 23:35:11'),
(20, 24, 'game', 0, NULL, '2012-07-01 23:35:11'),
(21, 25, 'game', 0, NULL, '2012-07-01 23:35:11'),
(22, 26, 'game', 0, NULL, '2012-07-01 23:35:11'),
(23, 27, 'game', 0, NULL, '2012-07-01 23:35:11'),
(24, 28, 'game', 0, NULL, '2012-07-01 23:35:11'),
(25, 29, 'game', 0, NULL, '2012-07-01 23:35:11'),
(26, 30, 'game', 0, NULL, '2012-07-01 23:35:11'),
(27, 31, 'game', 0, NULL, '2012-07-01 23:35:11');

/*!40101 SET CHARACTER_SET_CLIENT=@OLD_CHARACTER_SET_CLIENT */;
/*!40101 SET CHARACTER_SET_RESULTS=@OLD_CHARACTER_SET_RESULTS */;
/*!40101 SET COLLATION_CONNECTION=@OLD_COLLATION_CONNECTION */;
